# Resource object code (Python 3)
# Created by: object code
# Created by: The Resource Compiler for Qt version 6.10.2
# WARNING! All changes made in this file will be lost!

from PySide6 import QtCore

qt_resource_data = b"\
\x00\x00\x06\x13\
\x89\
PNG\x0d\x0a\x1a\x0a\x00\x00\x00\x0dIHDR\x00\
\x00\x00@\x00\x00\x00@\x08\x06\x00\x00\x00\xaaiq\xde\
\x00\x00\x00\x09pHYs\x00\x00,\xfe\x00\x00,\xfe\
\x01v\x88N\x92\x00\x00\x00\x19tEXtSof\
tware\x00www.inksca\
pe.org\x9b\xee<\x1a\x00\x00\x05\xa0ID\
ATx\x9c\xed\xdb[\x88]\xd5\x1d\xc7\xf1\xcf>3\
\x93\x89\x18\x9b\x98\x8a\x88m\x02\x81VM(b%P\
b\x14I27\xc7\xa8\xa5P\xe9C\x0a}\x09m\x03\
\xa6\xe9K!oB\x11)\xb4\xd4\x8e\xa5\x89\xf4\xd1\x14\
dji\xbcM\xccLd\x0a\xa6\xf5\xa1^\x9a\xde\x8c\
\xb6\x82\xe6\x06\xc6f\x9a\x92D\x13g2\xab\x0fg\x86\
\x98\xb3/\xb3\xcf>{\x1f'\xed|\xdff\xad\xf5\xff\
\xaf\xff\xff\xb7\xd7\xdeg\xdd\x86\x05\x16X\xe0\xff\x99\xa8\
\xf2\x1e\x86uX\xea6\xac\x17Y-r\xb3i+E\
\xae\xc1\xd53\xad\xce\x09\xce\xa89\x22x\x1bo\x0a\x0e\
\xfa\x8f?y\xd0\xc5*\xc3\xabF\x80Wu9e@\
d\x0bzqmAO\xa71\x86=\x96\xdbg\xad\xc9\
\xd2b\x9c\xa1\x5c\x01\x9ew\xadn\xdb\x05\xdbp}\xa9\
\xbe\xf9@\xf0\x0b\xc1\x90\x01\x13e9-G\x80?\xb8\
\xcaY;Ev\x08\xae)\xc5g:gE\x1es\xde\
\xa3\xee\xf3a\xab\xceZ\x17`\xcc\xbd\x82\xc7\xb1\xaae\
_\xcd\xf1\x9e\xe0!\xfd\x9ek\xc5Iq\x01^\xd5e\
\xc2\x0f\xf1\x83\x96\xfc\xb4\xce\x93\x96\xf8\xb6;|T\xc4\
\xb8X\xe0\xe3n0\xe99\xac-d_6\x91\xd7\x05\
\xf7\xe9s\xa2y\xd3f\xd9o\x95\xc8~|\xb1i\xdb\
jy\xcfE\xfd\xee\xf1V3F\xcd\x09\xf0\xa2/\x88\
\xbc,rCSv\xed\xe3\xa4\x9a\xbb\xf4x;\xafA\
~\x01\xf6\xbb^\xe4\xa0\xf9\xf7\xe4\x1b9*X\xaf\xdf\
\xd1<\x8dk\xb9\x5c\x8e\xe8\x16y\xc1\xfcO\x1eV\xa8\
\xd9kDw\x9e\xc6\xf9\x04\xe8\xf4c\xf3\xe5\x83\x97\x87\
\xe0v\x9d~\x92\xa7\xe9\xdc\xaf@\xfdw\xfe\xf9\x96\x83\
\xfa4\x08\xee\x9fk\x9e\x90-@}\x86\xf77\xed\x9f\
\xe4\x94\xc5\x11\xc1\x1a\xfd\xce\xa55\xc8~\x05\xce\xda\xe9\
\xcaM\x1eVbgV\x83\xf4\x11\xf0\xa2\xe5:\xbc\xdb\
\x86\xb9}\xd5\x9c3e\x95A\x1f$U\xa6\x8f\x80\xc8\
\xf6\xff\x81\xe4\xe1j\x9d\x1eJ\xabL\x1e\x01\xf5y\xfe\
1\xe5/i[a\x12]\x05mO9\xedF\x0f\xfa\
\xb8\xb1\x22y\x04\x9c2`\xbe$\x1f\xbcb\xdamz\
u\xe3&\xec+\xe0\xe5\xb3\x96\x1aL\xaaH\x16 \xf2\
\xcd\x02\x9dT\xc1\xa8E6\x1apH$\xe8\xf3\x0f]\
\xbe&jn\xbe?\xc3\x96\xa4\xc2\xb8\x00\xc3:\xd4\xb7\
\xb1>mF-\xf1U\x1b\x9c\xbf\xact\x83\xf3\xa6\xfd\
\xb6io\x91\x1e\xe3:\x1b\x8b\xe3\x02,\xf3e,k\
\xba\x83r\xa9'\x9f\xbe\xc6_\x5c\xc0\xe7R\x17\xdc\xde\
X\x98\xf4\x0a\xac/\xe0\xbcL\xb2\x93\x1f\xb3T\xe4\xeb\
\x85<\xd7\xdc\x15/\x8a\xb3\xba\x90\xf3r\xc8N~\xdc\
b\xc10>W\xd0\x7f,\xb7$\x01n.\xe8\xbcU\
\xc62\x93\x1f\xd1m\xd2\xd3\xe8+\xdcC\xe4\xa6\xc6\xa2\
\xb8\x00\xc1\x8a\xc2\x1d\xf0O\xc17Dn\x15|\x0b\xc7\
r\xda\x8dZ\xe2\x81\xcc'\xdf\xe9Y\xdc\xdbBl\x04\
+\x1b\x8bb_E\x91\xcf\x14t\xff/5w\xea\xf1\
\xfe\xcc\xdf\x7f\xb1\xdf>\x91\x97\xf0\xa5\x0c\xbb\xea\x9f\xfc\
%b\xb9%\xbd\x02K\x0a:\x7f\xea\x13\xc9\xd7\xe9w\
R\xb0\x09\x7fM\xb1\x19\xcb|\xf2#\xbau\xfa\x8dV\
\x9f\xfc%bS\xfb|\x1b\x22\xf9H>\xa4\xe8wR\
M\x0f\xfe\xdeP\x93g\xd8?\xa3\xbc\xe4\x13I\x12\xe0\
LA_\x9b\x0d[\x94X\xd3\xe3}5\x1b]\x12!\
{\xd8\x8f[l\xd2^\xf4\x17\x8c%\x8dXnI\x02\
\x9c-\xe8|\x8de\x86\x84\x94\x05\xd6\xac\x08\xc1\xae9\
\x9f|5\xc9\x93 @<\xd8Q\xbf\xc3\xdd\x85\xbb\x08\
~\xe9\x15\xdf\xf1\xb0\xe9\xa6mGt\xeb\xf2\xb4`s\
\xe1\xfe\xb39\xa8\xef\xf2\xc9P|\x04\x14[h|\xd2\
~\xabuv{\xb8\xc9\xefK\xf5\xc9#\x9e[R\x90\
o\xb6\xdcMd\xab\xf5\x1eO}\x1d\x1a\x99\xfd\xe0U\
\x9b<\x91\xc3\x8dEI#\xe0\xf7\xa5t\x16l3\xea\
\x899E\x18\xd1m\xca\xafU\xf3\xce_\xce\xb4\x97\x1b\
\x8b\xe2\x02Lx]\xfdfF\xebD\xb6f\x8a\xd0\x9e\
a?\x1b\xcb\x19\x8b\xbc\xd6X\x1c\x17\xa0~'\xe7@\
\x89\x1dou\xc0\xcfc\x22\xb4k\xd8\xcf\x12\x8c\xd9`\
\xaa\xb18mGhO\xc9\x9do3\xe6)#>\x0f\
\x0e\xb8\xd5\xa4\x97\xb4c\xd8\xcf\x12\xf9Urq\x12\xc3\
\x16Y\xe68\xae\xab \x94\x8fpU\x05~\xb3\x980\
\xe5F\x83.4V$\x8f\x80\xfa\xee\xe9\xae\x8a\x82i\
w\xf2\x04\xbb\x92\x92'k-0\xed1Q\xe1i\xf1\
|\xe2C\x17\xfd,\xad2]\x80\x01\x133\x97\x9f\xae\
l\x82\xa1\xb4S!\xe6Z\x0d^\xf0\x08\xde-9\xa4\
vr\xd4\x22\x8fd5\xc8\x16\xa0~\x0f\xef{eF\
\xd4V\x82\xed6d/\xee\xe6\x9e\xaf\xf7y\x16\xbb\xcb\
\x8a\xa9\x8d<\xa1\xdf\xde\xb9\x1a\xe5[\xb0t\xf9>\xde\
h5\xa26rH\x97\x1dy\x1a\xe6\x13\xa0~:\xb3\
\xd9\x95\xf1=8.r\x7f\xecD)\x85\xfcK\xd6>\
'\x5c4@\xfa\x17u\x1epJM\x9f^G\xf2\x1a\
4\xb7f\xbf\xc7[:\xac\x13\xbc\xd3th\xd5sB\
\xcdF=\xb1\xbd\xc7L\x9a\xdf\x14\xdd\xe4\x1d\x9d\xee6\
\xbf\xbe\x09\x87L\xf9\x8a\x1e\x7fn\xd6\xb0\xd8\xae\xf0&\
\xc7MY\x87\xa1B\xf6\xe5\xf2\xa4\x0b\xee0\x98\xfb\x10\
\xe62\xca\xb8.\xff\x80`\x88\xf8\xa9K\xc5\x1c\x15l\
\xcf\xf3S\x97E\xeb\xe7\x02\xbd\x9e\x11\xac\xc1\xa3\xa4_\
G+\x91s\xf8\x91`u\xab\xc9S\xf6=\xffq\xd7\
\xf9\xd8\x0e\x91\xefby\xa9\xbe\xf97v\x9b\xf2\xd3\xac\
\xb9}\xb3T\xf3\x8f\x0e\xf5#\xadAl\x11\xe9-|\
\xdb,rFp@d\x8fI/\xa4-i[\xa1\xfa\
\xff\xf4\x18\xd7i\xcaZ\xdc)\xb8\x05\xb7`\x85\xfa9\
\xdd\xecM\x94\xd3\xea\x87\x16\xc7D\x0e\x9bvX\x87\x83\
:\xfc1i\x1bk\x81\x05\x16X\xa0,\xfe\x0b\x0e\x92\
jI\xef\xe9\xc1\xe9\x00\x00\x00\x00IEND\xaeB\
`\x82\
\x00\x00\x03\x17\
\x89\
PNG\x0d\x0a\x1a\x0a\x00\x00\x00\x0dIHDR\x00\
\x00\x00@\x00\x00\x00@\x08\x03\x00\x00\x00\x9d\xb7\x81\xec\
\x00\x00\x00\x03sBIT\x08\x08\x08\xdb\xe1O\xe0\x00\
\x00\x00\x09pHYs\x00\x00\x01\xbb\x00\x00\x01\xbb\x01\
:\xec\xe3\xe2\x00\x00\x00\x19tEXtSoft\
ware\x00www.inkscap\
e.org\x9b\xee<\x1a\x00\x00\x00\xb7PLT\
E\xff\xff\xff\xff\x00\x00\xff\x00\x00\xdb$$\xdf  \
\xe8\x17\x17\xea\x15\x15\xdc\x17\x17\xe0\x1f\x1f\xe4\x1b\x1b\xde\
\x19\x19\xe4\x1b\x1b\xe1\x1a\x1a\xe3\x1c\x1c\xe3\x1c\x1c\xe1\x1a\
\x1a\xe2\x1a\x1a\xe1\x1b\x1b\xe2\x1a\x1a\xe3\x1c\x1c\xe1\x1b\x1b\
\xe3\x1c\x1c\xe1\x1c\x1c\xe1\x1b\x1b\xe2\x1b\x1b\xe3\x1a\x1a\xe1\
\x1c\x1c\xe2\x1b\x1b\xe2\x1b\x1b\xe2\x1b\x1b\xe1\x1a\x1a\xe2\x1c\
\x1c\xe3\x1b\x1b\xe1\x1b\x1b\xe2\x1c\x1c\xe2\x1b\x1b\xe1\x1b\x1b\
\xe2\x1b\x1b\xe3\x1b\x1b\xe2\x1b\x1b\xe2\x1b\x1b\xe2\x1b\x1b\xe1\
\x1b\x1b\xe2\x1b\x1b\xe2\x1b\x1b\xe2\x1a\x1a\xe2\x1b\x1b\xe2\x1b\
\x1b\xe1\x1b\x1b\xe2\x1b\x1b\xe2\x1b\x1b\xe2\x1b\x1b\xe2\x1b\x1b\
\xe2\x1b\x1b\xe2\x1b\x1b\xe2\x1d\x1d\xe3\x22\x22\xef\x7f\x7f\xf7\
\xbf\xbf\xf7\xc0\xc0\xff\xff\xffK\xe8?\x96\x00\x00\x006\
tRNS\x00\x02\x03\x07\x08\x0b\x0c\x16\x19\x1c\x1f9\
<HJMN_bdgmopq\x88\x8a\x8c\
\x8e\xa1\xa4\xb0\xb3\xb5\xb9\xbb\xbe\xbf\xc5\xc9\xd1\xd2\xd8\xe1\
\xe2\xe7\xea\xeb\xf2\xf7\xf8\xf9\xfd\xfe&U\xd27\x00\x00\
\x01\x90IDATX\xc3\xad\x97\xe5\x9a\xc20\x10E\
\x83\xbb\x14w\xb7\xe2z\x97\x96\xbe\xffs-\xb2B\x1b\
!e\xb8?\x03\xe7|\x10\x9daL\x92H\xaeRo\
\x0f\xcc\xcd\xc6\x1c\xb4\xeb\x95\x5c\x84\xf9J\xac\xd8\xdb\xc1\
\x95]\xaf\x18\xd3\xa5C\xe5\xc9\x11\x82\x1c'\xe5\x90\x06\
\x1e0\x16\x90fa\x04^\xf1Y\x13\xca\x98Y%\x9e\
\x1c\xe3e\xc6I9\x9f^C#\xeb\xb4\x8c/\x1c\xa0\
\x95CA\x88\x07[\xd0N+(\xe0\xbb\xf0\x91.o\
h\xc2W\x9a^\xde\x80\xcf\x18n>\xb5\xf7+\xd8\xa7\
\x9e\xf9\xc4\x0a\xbe\xb3J<\x09\x86x#\xc3\x7f>\x83\
\xb7\x92\xf9;?3\xefG_\xa2\xefs\x83\xb3\x80l\
\x05\xce\xb6\xc5\xf3\x96}\x96\xacDx\xe9\xe5/\x8e\xc3\
\x19,\xc7\xb9x\x0d\xcb\xf0]P\x13\xf0\x9c\xc1\xba\x8d\
q\x86\xda]0\x15\xf1\x1e\x83\xf5\x18\xf3\x1a\xa67>\
~rO\x95\xed8\x9c\xc1\xfa\x1d\xb3\xdd3y\x8a_\
\x05%\x08~\xac\xdb \x18\xfaI\xe9*\xe8\xe3\x95A\
\xce\xa3\xcfX\x94?\x05\x1e@\xc1c\x1fey\xc1\x96\
q!*\x1e\xc8\xb3*\xd4\x065\x8f*k@mP\
\xf3h\xb0\x0e\xf4\x0cb\x1e\x1d6\x82\x96A\xc2c\xc4\
\xe6\xd01\xc8x\xcc\xd9\x16\x1a\x06)\x8f-]@\xfe\
\x0b\xe4I$/#y#\x91\xb72\xf90\x91\x8f3\
\xf9B\xa1_i\xe4K\x95|\xad\xd3\x1f\x16\xf2\xd3F\
~\x5c\xe9\xcf;\xb9\xc0\xa0\x978\xf4\x22\x8b\x5c\xe6\xd1\
\x0bMz\xa9K/\xb6\xc9\xe5>\xbd\xe1\xf8@\xcbC\
o\xba\xe8m\xdf\x07\x1aOz\xeb\xfb\x81\xe6\xdb_\xfb\
\xff\x0d;\x90\xabO\x1c\x80*y\x00\x00\x00\x00IE\
ND\xaeB`\x82\
\x00\x00\x07\x14\
\x89\
PNG\x0d\x0a\x1a\x0a\x00\x00\x00\x0dIHDR\x00\
\x00\x00@\x00\x00\x00@\x08\x06\x00\x00\x00\xaaiq\xde\
\x00\x00\x00\x09pHYs\x00\x00\x01\xd8\x00\x00\x01\xd8\
\x01\xfa\x5c\xa6r\x00\x00\x00\x19tEXtSof\
tware\x00www.inksca\
pe.org\x9b\xee<\x1a\x00\x00\x06\xa1ID\
ATx\x9c\xed\xdak\x8c]U\x15\x07\xf0\xdf0\xd3\
bmk\xc1b\xad\x94\x0a\xb1\xa5\x0d\xfaA\x8d\x89\xa1\
\x8a\x0f\x0c\x04|%*\x11\xbfPQR?\xa8\xc1\xf8\
\x8a\x1a\x03\xa6\x1aLL\x1a>\x88\xa8\x80\xd2\x18\xdf\x9a\
\xd4\x10\x8aA\x0d\x09\xb5\xf2\x08A@\x8bH\x90\x94\x02\
J\xb5\xb6\x98:L;\xed\xf4q\xfd\xb0\xf6\xe1\xde\x99\
\xb9\xe7\x9e}\xeec:\xb6\xfc\x93\x9ds\xcf={\xaf\
\xb5\xf7\xda{\xaf\xb5\xf6Z\x9b\x17pbc\xa8\xcbv\
/\xc6~|\x07\x17\xf5\xaf;\xa58\x84\x07p\x15v\
\xcc\x00\xbf\x8eX\x87\x8f\xa4\xdf\x9b\xd0\x98\xc1\xf2$\x16\
\xf6s0'\xd5\xac\xbf\x0e7v\xd1\xae_8\x13\xef\
\xe8'\xc1:\x039\xd6\x83/\xb0\xac\x9f\xc4r\x073\
[\x06\xdfw\x8cd\xd4\xe9v\xf0{\xc5\xbe\xad\xdb\x9f\
\xbe\xee\xf1^\xb1\x0eGLWFW\xa4\xefeJ\xf0\
\xd2\x1ex~\xb5\x84fQ>\xd1\x03\xedi\xe8\xb4\x02\
zY\xf6K\xf1\xaa\xaez\xc4\x19]\xb6\xeb+\xcaf\
>w\x05\x0c\xb2\xf4u\x05\xb4\x9b\xdd\xe3V\xe1\xb5\xc3\
\xd4A\x9eP\x83g\xf2@O\xb8\xc1\xd3T\x82K\xb1\
\x02\x1b2\xdbm\xab\xf8\xbe\x1f\xff\xea\xb2O\xaf\x94g\
\x9eg\x056k\xaf\xa8z9 }\xb6\x84\xe6\xc0\xcc\
\xe0\x08\xae\xe9\xa2\xed|\x5cX\xf2\xed\xedxVw\x8e\
\xd0y]\xf4\xa5'\xbc\xc8\xcc\x9b\xb2Yc\x06g\xe3\
^\xdb\x83Q\x8c\xe1\xa5X\x8cy\x83b6\x1b\x04\xb0\
\x0d\xb7`\x0b\xfe\x8c\xff\xb4\xa9\xb3\x10o\xc1\xf9\xf8{\
?\x99\x0f\x89-0\xdeO\xa2\x198\x8c\x9f\xe3Z\xfc\
\xa9\xe5\xff\x11\x9c\x85\x97\x09\x1d\xb3\x0f\xff\xc6S\xa9\xcd\
@0\xd3:`\x0b^\xd3\xc2\x7f%\xae\xc6]8X\
\xd2\xe6\x00\xfe Bb+\xfa<\xfe\x19\x13\xc0!\xac\
\xd7t\xb4\xde\x88\xdbp\xb4\xa5\xce8\xfe\x86\xad\xf8U\
z>*\xfc\x8a\xa2\xceQ\xdc\x8a7\xfc?\x09`L\
\xd37X\x80\x9b4\x0f[{Dp\xf5b\x9c\xdc\xa1\
\x8f\x17\xe1:M\xf3z\x04\xdf\x15[eV\x0b`\x0c\
\xe7&^\xab\xf1X\xfa\xff9|\x0d/\xa9\xd9\xdfE\
\xa9\xddh\xa2\xf3(\xce\xaeIc\x12\x06)\x80\xc3b\
f\xe1\xf5B\xa15p\x9f\xdec{\xcbpg\xa2\xb7\
\x0b\xaf\xed\x86H\x8e\x15\xb8\x17\x0f\xd7\xa4\xfb.\x11\xd8\
X/\x22<+q7\x96\xe0'\xe2\xe0u\xa0&\xcd\
v\x18\x11\xdb\xe9\xa3\xf8\x87Xi\xcf\xd4%R\xb5\x02\
\xce\xea\xa2cW\xe2\x8f\x18\x16N\xcc\xb6Dk\xa3\xee\
\x931e\x18\xc2\x0f\x13\xfd\x07D\xd2\xa6V\xe3\xaa\x15\
\xb0Y\xcc^.\xe6\xe0\xc3\xb8\x5c\xac\x9e\x0d\xf8<\xee\
\xc1\xdb\xe4\xd9\xf3\xc58\x1d;\x85\xd2\xcb\xe1y\x97\xb0\
,\xd7\x08\xb3\x9a\x8dA\xe8\x80\xdb\x13\xed\xd5\x98\x10\xf6\
='F\xb8\x0a\xbf\xd5\xb4\x10G\xf0\x1byJnU\
\xe25\x9e\xc9\xeby\x0cB\x00\x85\xe2\xdb\x98\xde\xaf\xcf\
\xe8\xc7\xd9\xc2$\xb6\xa3\xb7;sP7\xa6\xfa?\xc8\
\xa8\xfb<\xfa-\x80]B9\x9d*\x14\xdd~\xbc\x22\
\xa3\x1fe\xb1\x85\xa2\xdc\x92A\xe3\x8c\xc4sL\xf8\x1b\
Y\xe8\xb7\x00\xbe\x9f\xe8^Q\xa3\xe3\x0b\x85\xa7\xd8\x89\
\xee\x84<\xa7\xe7\xd7\xa9\xfe\xe5\x19u\x07\x12\xff\xdb\x9a\
\x9e\x17\xa4\xe7m\x19mNS}2\x9d#\x0eIU\
(\xf8e'Q\xfb\xbd\x02^\x97\xe8>\x9e\xde\xcf\xcc\
\xe8\xc3<\xa1\xbc:\xd1\x1dO}\xad\xc2\x8aT\xbf*\
n\x89\xbcx\xc0\x8f\xc5I\xac\x0cs\xf1E\xcd\x8c\xce\
\x13\x9a\xc7\xda#\xc2A\xa9\xc28~\xa1\xf3\xb2\xdd$\
\xcfyzZ\x08\xe0\x9c\xd4\x8fJ\xb3[\xb5\x02rf\
\xf0{\xa9n\xc1\xec\xb4\xf4\xbe3\xa3m\x81\xc5\xc2\xaf\
o\xd7\x87'\xe5)\xd2\x02\xbbS\xbbJE\x98\xb3\x02\
n\xc7_:|?Y\xd3\xec\x1dL\xcf\xb9\xe99\x96\
A\xbf\xc0\xb3X#\x5c\xe7\xb5\xc2\x8a\xec\xc3/\xf1%\
q\x8e\xc8\xc5\xa8\x98\x84\xb9U\x15s\x04pN*9\
\x98'\x14\xeb\xbe\xf4\x9e\xa3\xb4\x0a,\xc2\x07\xf1r1\
\xe3\xc3\xe99\x1f\xef\x17[do&\xad%\xe9\x99\x15\
E\xea\xb7\x12,\x06]\x1cW\xab\x02\x9a#\xf8\xb2\xe6\
}\x82\xb2\xf2_\xe1\xe2VM\xda\xc2T?{\xc5\xf4\
[\x00oJt\xefO\xef\x9d\x227\xa7\x08\xb3Y\x87\
\xfe=b{\x94\xe1\xdcT/\xeb\xfc2\x08?\xa0\x18\
p\xd1\x81\xf7\x94\xd4\x9b\x87\xdf\x89ho\x1d\xac\x11\xe7\
\x852\x93X\xf0\xcb>\xc0\xf5{\x05lJt/L\
\xef\xf7\x97\xf0\xbd\xaeG>\xd7\x96\xd0}(}_s\
\xac\x04\xb0O\x98\x9fa\xe1\x034LOw\xad\x14\x0a\
\xaa\x17>\x13\x22\x91\xda\x8a\xf3\xd3\xb7\xa7\xd5X\xddU\
\x02\xf8\x9cX\xd6e\xe5<\x91\xd0hmS\xdc \xf9\
Bz\x9f\xeaH]\xdf\xe3\xe0\x8b\xb2~\x0a\xdd\xbb\xd3\
\xff\xb5\xd2gU\x02X\x9dA\xe3gS\xda<\x22\x82\
-\x0bD&\xa7\x81\x0f\xb4\xd4\xdfQc\x90\x9d\xca\xbd\
-4?\x94\xfe\xdb!\xc3\xfe\xb7\xa2J\x00\xa3\xd8\xde\
\xa1<U\xd2nm\xa2\x7fIz\xdf\xa3\x19^\xfb\xa4\
\xcew\x90r\xcaaM\xd7y\x85H\xa95\xf0W\xf5\
\xfc\x8f\x81E\x85\xff\xa9i\xae\x8a@\xc5c\xc2\xd1!\
f\xec\xb9.i\xef\xd2<\xed-\x15\xc9\x94\xd6\xef\xdb\
\xea\x08a\x90a\xf1\xcdb+\xcc\x15&\xaf\x91:[\
\xa4\xb7\x96\xe1\xa7&g\x87:\x95\x09\xdc \xce\x0d\xc4\
\xf6\xdc^R7[\x08\x83N\x8c\x5c\x95\xf8\xcc\x17\xe9\
\xae\x86\xf0\xfa\xd6jj\xeaU\xc2\xcb{\xd0\xf4c\xf1\
A\xdc\x81\xcf`y\xaa?,B\xeb\xa3:\xf3\xce\x12\
\xc2\xa0\x05p\x14\x1fO\xbcN\xc274g\xfcA\xbc\
\xb3M\x9fNOBY<\xe5\xff!q.x\xa4\x06\
\xffJ!\xccTr\xf4+\x9a9\x817k:,\x0d\
q\xe8\xf96\xde-\x0e^\x8bR\xbdS\xf1j\xbcO\
$@v\xb6\xb4yH$Yz\x16\xc2L\xa6\xc7o\
\x15\xc7Tb\x19_\x86\xdfk\xaf\x03\xca\xfe\xbbOX\
\x96\xa1Tr=\xcaR!T\x09\xe0b1\x13u\xca\
\x0d\x1d\xe8\xed\xc1\xc7L>\xd5\xad\x14\xdbd\xa3\x98\xd9\
\xed\xe2\x9a\xdd3\x22\xe1\xf1#a:\x97\x9b\x8e\x9e\x85\
P%\x80\x0b\xa66\xa8\xc0\x1c\xdc\x9c\xd1\x99'\xf0\xa9\
v\x1d\xea\x02C\xf8f\x06\xcf\x86\xf0\x13\x96\xb66<\
\x16WdZqH\xb8\xb0[\x84K\xfd\xb8pj\x0e\
\x88\xbe-\x11I\x935x\xab\x08\xbf\xdd\xd4\x86N!\
\x84+3x>\x9ch\xed\xe5\xf8\xba&Wg;\xdc\
\x5c4:\x9e\x04P\x08!g;\xec\xe6\xf8\xbc\x18\xdd\
\xc0\xa7\xf1\xad\x8az\x0b\xb4(\xe2]\x8e\xfd\xcc\xe6\x96\
\xf7f\x0a\xa2j;lm\xad\xfc\xf5Y0\xb0\x9c\xb2\
C\x8d\xa4\xa7\xf2\xed0.E\x8c\x0a\xcflX,\x9b\
K5\x1d\x95\xd9\x84\x09q\xe3\xe4j\xe15\xd6\xc5e\
\xa9,\x17\x1737\x98|A\xf3\x05\x9c\xb0\xf8\x1f\x7f\
g\x8d\xe5W1\xea.\x00\x00\x00\x00IEND\xae\
B`\x82\
\x00\x00\xa5U\
\x89\
PNG\x0d\x0a\x1a\x0a\x00\x00\x00\x0dIHDR\x00\
\x00\x0az\x00\x00\x02\xbb\x08\x06\x00\x00\x00\xdf\xdd\xc3X\
\x00\x00\x00\x09pHYs\x00\x00.#\x00\x00.#\
\x01x\xa5?v\x00\x00 \x00IDATx\x9c\xec\
\xdd\xddq\xdc\xc6\x16.\xec\xde\xaesO!\x02\xe9$\
\xf0\x81\xfbj.IG :\x02R\x11\x88\x8e@T\
\x04\x1eG@2\x02S\x11xtwpe\x22\x82-\
E\x002\x02\x7f\xd5\xd2\x1a{$Q\xd4\xccp~\x00\
\xf4\xf3T\xb1\xe4\xf2\xde\xb61\x0dp\x00t\xbf\xbd\xd6\
\x7f\xfe\xfe\xfb\xef\x04%h\xaa\xfaYJ\xe90\xa5t\
\x1c\x7f>\x8b\x9f\xfa\xab\x8f\x7f\x9fR\xba\x8d\xbf\x9e\xa5\
\x94>\xe4?']\xfb\xc1\x85\x02\x00\x00\x00\x00\x00\x00\
\x00\x00\xc0.\x09z2jMU\xe7@\xe7Y\x84;\
\xbf\x0et\xae\xeac\x04?o&]{\xe3\xca\x01\x00\
\x00\x00\x00\x00\x00\x00\x00`\xdb\x04=\x19\x9d\xa8\xdcy\
\x92R\xbaH)=\xdf\xd2\xe7\xcbU?\xafRJS\
\x95>\x01\x00\x00\x00\x00\x00\x00\x00\x00\xd8\x16AOF\
#\x02\x9e\xe7\xf1s\xb0\xc3\xcfu\x9dC\xa5\x02\x9f\x00\
\x00\x00\x00\x00\x00\x00\x00\x00l\x9a\xa0'\xa3\xd0Tu\
n\xcf>\xddq\xc0\xf3k\xbfG\xe0\xf3\xceU\x05\x00\
\x00\x00\x00\x00\x00\x00\x00\xc0&\x08z2hMU\xbf\
\x88\x16\xeaG=\xf9\x1c\x1fsE\xd1I\xd7\xde\xf4\xe0\
X\x00\x00\x00\x00\x00\x00\x00\x00\x00\x18\xb8\x9f\x9c@\x86\
\xaa\xa9\xea\x93\x94\xd2m\x8fB\x9e\xd9\xf3\x94\xd2\x1fM\
UO{p,\x00\x00\x00\x00\x00\x00\x00\x00\x00\x0c\x9c\
\x8a\x9e\x0cR\x04)_\xf7\xfc\xd8\xdb\x94\xd2\xb1V\xee\
\x00\x00\x00\x00\x00\x00\x00\x00\x00\xacKEO\x06\xa7\xa9\
\xea\xab\x01\x84<\xb3:\xa54k\xaa\xfa\xb0\x07\xc7\x02\
\x00\x00\x00\x00\x00\x00\x00\x00\xc0\x00\xa9\xe8\xc9`4U\
\xfd,\x07'#@9$\xf7Q\xd9\xf3\xd6\xd5\x06\x00\
\x00\x00\x00\x00\x00\x00\x00\xc0*T\xf4d\x10\x06\x1c\xf2\
\xcc\x0e\xa2\xb2\xe7I\x0f\x8e\x05\x00\x00\x00\x00\x00\x00\x00\
\x00\x80\x01\x11\xf4\xa4\xf7\xa2\xf5\xf9\x87\x81\x86<\xe7r\
\xd8\xf3\x8f\xa6\xaa\xcf\xfaq8\x00\x00\x00\x00\x00\x00\x00\
\x00\x00\x0c\x81\xa0'\xbd\x16!\xcfY\x04%\xc7\xe0\xb2\
\xa9\xeasW\x1d\x00\x00\x00\x00\x00\x00\x00\x00\x00\xcb\x10\
\xf4\xa4\xb7\xa2\xfa\xe5\x98B\x9es\xbf5U}\xd5\x8f\
C\x01\x00\x00\x00\x00\x00\x00\x00\x00\xa0\xcf\xfe\xf3\xf7\xdf\
\x7f;A\xf4N\x84</G~f\xaeSJ\xe7\x93\
\xae\xbd\xeb\xc1\xb1\x00\x00\x00\x00\x00\x00\x00\x00\x00\xd0C\
\x82\x9e\xf4NS\xd5\xd3\x94\xd2\xebB\xceL\x9bR:\
\x16\xf6\x04\x00\x00\x00\x00\x00\x00\x00\x00\xe0!Z\xb7\xd3\
+\xd1\xd2\xbc\x94\x90gV\xe7\xf6\xf4MU\xbf\xe8\xc1\
\xb1\x00\x00\x00\x00\x00\x00\x00\x00\x00\xd03*z\xd2\x0b\
MU?K)\xdd\xa4\x94\x8e\x0a=#\xf7Q\xd9\xf3\
\xb6\x07\xc7\x02\x00\x00\x00\x00\x00\x00\x00\x00@O\x08z\
\xb2w\x11\xf2\x9cEu\xcb\x92\x09{\x02\x00\x00\x00\x00\
\x00\x00\x00\x00\xf0\x05\xad\xdb\xd9\xab\xa6\xaa\x0f\x85<\xff\
q\x90R\xfa\xab\xa9\xea\xb3\x9e\x1c\x0f\x00\x00\x00\x00\x00\
\x00\x00\x00\x00{\xa6\xa2'{\xb3\x10\xf2<p\x16\xbe\
\xf1j\xd2\xb5W=;&\x00\x00\x00\x00\x00\x00\x00\x00\
\x00vLEO\xf6\xa2\xa9\xea\x13!\xcfG]6U\
-\xe8\x09\x00\x00\x00\x00\x00\x00\x00\x00P8AOv\
.Z\x93\xff!\xe4\xf9C\xa7\xc2\x9e\x00\x00\x00\x00\x00\
\x00\x00\x00\x00e\xd3\xba\x9d\x9dj\xaa\xfa\x22\xa5\xf4\xc6\
\xa8\xaf\xa4M)\x1dO\xba\xf6n@\xc7\x0c\x00\x00\x00\
\x00\x00\x00\x00\x00\xc0\x06\x08z\xb23Q\x9d\xf2\xd4\x88\
\xafE\xd8\x13\x00\x00\x00\x00\x00\x00\x00\x00\xa0@\x82\x9e\
l]S\xd5\xcfRJS!\xcf'\xfb\x98R:\x99\
t\xed\xed\xc0?\x07\x00\x00\x00\x00\x00\x00\x00\x00\x00K\
\x12\xf4d\xab\x22\xe49K)\xd5Fz#\xee\xa3\xb2\
\xa7\xb0'\x00\x00\x00\x00\x00\x00\x00\x00@\x01~r\x92\
\xd9\x96\xa6\xaa_\x08yn\xdcA\x1e\xd3\xa6\xaa\xcfF\
\xf6\xb9\x00\x00\x00\x00\x00\x00\x00\x00\x00x\x80\x8a\x9el\
ES\xd5\x87\x11\xf2<0\xc2[\xf3j\xd2\xb5W#\
\xfdl\x00\x00\x00\x00\x00\x00\x00\x00\x00\xc5K*z\xb2\
\x0dMU\x1f\x0by\xee\xc4eS\xd5\xd3\x02>'\x00\
\x00\x00\x00\x00\x00\x00\x00@\xb1\x04=\xd9\xa8h)\xfe\
\xa7\x90\xe7\xce\xbcn\xaaZUO\x00\x00\x00\x00\x00\x00\
\x00\x00\x80\x91\xd2\xba\x9d\x8d\x89\x90\xe7\xa5\x11\xdd\x8b\xf7\
)\xa5\x93I\xd7\xde\x15\xf8\xd9\x01\x00\x00\x00\x00\x00\x00\
\x00\x00FK\xd0\x93\x8d\x88\xaa\x92\xa7Fs\xaf\xda\x94\
\xd2\xb1\xb0'\x00\x00\x00\x00\x00\x00\x00\x00\xc0xh\xdd\
\xce\x93\x09y\xf6F\x9dR\x9a5U}X\xfa@\x00\
\x00\x00\x00\x00\x00\x00\x00\x00\x8c\x85\x8a\x9e\xac\xad\xa9\xea\
g9X\x18\x01C\xfa\xe3>*{\xde:'\x00\x00\
\x00\x00\x00\x00\x00\x00\x00\xc3\xa6\xa2'k\x11\xf2\xec\xb5\
\x83\xa8\xecyR\xfa@\x00\x00\x00\x00\x00\x00\x00\x00\x00\
\x0c\x9d\xa0'+\x8b\xd6\xe0\x1f\x84<{-\x87=\xff\
h\xaa\xfa\xac\xf4\x81\x00\x00\x00\x00\x00\x00\x00\x00\x00\x18\
2AOV\x12!\xcfY\x04\x09\xe9\xbf\xcb\xa6\xaa/\
\x9c'\x00\x00\x00\x00\x00\x00\x00\x00\x80a\x12\xf4di\
Q\x1dR\xc8sx\xde4U}U\xfa \x00\x00\x00\
\x00\x00\x00\x00\x00\x00\x0c\xd1\x7f\xfe\xfe\xfbo'\x8e\x1f\
\x8a\x90\xe7\xa5\x91\x1a\xb4\xeb\x94\xd2\xf9\xa4k\xefJ\x1f\
\x08\x00\x00\x00\x00\x00\x00\x00\x00\x80\xa1\x10\xf4\xe4\x87\x9a\
\xaa\x9e\xa6\x94^\x1b\xa9QhSJ\xc7\xc2\x9e\x00\x00\
\x00\x00\x00\x00\x00\x00\x00\xc3\xa0u;\x8f\x8a\x96\xdfB\
\x9e\xe3Q\xe7\xf6\xfbMU\xbf(} \x00\x00\x00\x00\
\x00\x00\x00\x00\x00\x86@EO\x1e\xd4T\xf5\xb3\x94R\
\x0ey\xbe4B\xa3t\x1f\x95=oK\x1f\x08\x00\x00\
\x00\x00\x00\x00\x00\x00\x80>\x13\xf4\xe4\x1b\x11\xf2\x9cE\
\xf5G\xc6+\x87=O&];s\x8e\x01\x00\x00\x00\
\x00\x00\x00\x00\x00\xfaI\xebv\xbe\xd0T\xf5\xa1\x90g\
1\x0eRJ\x7f6U}V\xfa@\x00\x00\x00\x00\x00\
\x00\x00\x00\x00\xf4\x95\x8a\x9e\xfcc!\xe4y`T\x8a\
\xf3j\xd2\xb5W\xa5\x0f\x02\x00\x00\x00\x00\x00\x00\x00\x00\
@\xdf\xa8\xe8\xc9'MU\x9f\x08y\x16\xed\xb2\xa9j\
AO\x00\x00\x00\x00\x00\x00\x00\x00\x80\x9e\x11\xf4$E\
\xeb\xee?\x84<\x8bw*\xec\x09\x00\x00\x00\x00\x00\x00\
\x00\x00\xd0/Z\xb7\x17\xae\xa9\xea\xf3\x94\xd2o\xa5\x8f\
\x03_hSJ\xc7\x93\xae\xbd3,\x00\x00\x00\x00\x00\
\x00\x00\x00\x00\xfb%\xe8Y\xb0\xa8\xdexZ\xfa8\xf0\
 aO\x00\x00\x00\x00\x00\x00\x00\x00\x80\x1e\x10\xf4,\
PS\xd5\xcfRJS!O~\xe0>\xc2\x9e\xb7\x06\
\x0a\x00\x00\x00\x00\x00\x00\x00\x00`?\x04=\x0b\x13!\
\xcfYJ\xa9.},X\x8a\xb0'\x00\x00\x00\x00\x00\
\x00\x00\x00\xc0\x1e\xfdd\xf0\xcb\xd1T\xf5\x0b!OV\
t\x90\xaf\x99\xa6\xaa\xcf\x0c\x1c\x00\x00\x00\x00\x00\x00\x00\
\x00\xc0\xee\xa9\xe8Y\x88\xa6\xaa\x0f#\xe4yP\xfaX\
\xb0\xb6W\x93\xae\xbd2|\x00\x00\x00\x00\x00\x00\x00\x00\
\x00\xbb\xa3\xa2g\x01\x84<\xd9\x90\xcb\xa6\xaa\xa7\x06\x13\
\x00\x00\x00\x00\x00\x00\x00\x00`w\x04=G.Zn\
\xff%\xe4\xc9\x86\xbcn\xaaZUO\x00\x00\x00\x00\x00\
\x00\x00\x00\x80\x1d\xd1\xba}\xc4\x22\xe4yY\xfa8\xb0\
\x15\xefSJ'\x93\xae\xbd3\xbc\x00\x00\x00\x00\x00\x00\
\x00\x00\x00\xdb#\xe89RQu\xf1\xb4\xf4q`\xab\
\xda\x94\xd2\xb1\xb0'\x00\x00\x00\x00\x00\x00\x00\x00\xc0\xf6\
h\xdd>BB\x9ek\xbb\x1f\xe8q\xefK\x9dR\xba\
m\xaa\xfa\xb0\xcc\x8f\x0f\x00\x00\x00\x00\x00\x00\x00\x00\xb0\
}*z\x8eHS\xd5\xcfRJ\xb3\x08\xe0\xb1\x9aW\
9\xb4\x98R\xbaI)=7v+\xb9\x8f\xca\x9e\xb7\
\x03:f\x00\x00\x00\x00\x00\x00\x00\x00\x80AP\xd1s\
$\x84<\xd7\x96C\x8a?O\xba\xf6*\x82\x8a\x87\xd1\
\x92\x9c\xe5\x1d\xe4k\xaf\xa9\xea\x13c\x06\x00\x00\x00\x00\
\x00\x00\x00\x00\xb0Y\x82\x9e#\x10\xad\xb3o\x85<W\
6\xafD9\x9b\xff\x83\x93\xae\xbd\xcb\x7fO\xd8se\
9\xec\xf9GS\xd5g\x03;n\x00\x00\x00\x00\x00\x00\
\x00\x00\x80^\xd3\xba}\xe0\x22\xe49\x8b\xa0\x1d\xcb\xcb\
A\xce\x93I\xd7~\xf8\xde?\xd1T\xf5UJ\xe9\xd4\
\x98\xae\xec\xed\xa4k/\x06v\xcc\x00\x00\x00\x00\x00\x00\
\x00\x00\x00\xbd\xa4\xa2\xe7\x80E\xf5D!\xcf\xd5\xb5Q\
\xc9\xf3\xbb!\xcf\xf4\xb9\xbag\x1e\xdf\xeb\x9e~\x86>\
{\x13!Y\x00\x00\x00\x00\x00\x00\x00\x00\x00\x9eHE\
\xcf\x81\x8a\x90\xe7e\xe9\xe3\xb0\x86w)\xa5\xb3h\xd1\
\xbe\x14c\xbd\xb6\x95\xc7\x1a\x00\x00\x00\x00\x00\x00\x00\x00\
\x80/\x09z\x0ePS\xd5\xd3\x94\xd2\xeb\xd2\xc7a\x0d\
\xd7Q\xa5se\xc2\x9ek\x9bWO\x15\xf6\x04\x00\x00\
\x00\x00\x00\x00\x00\x00X\x83\xd6\xed\x03\x13-\xb1\x85<\
W\xf7v\xdd\x90g\xfa\xdc\xc6=\x8f\xfb\xcf)\xa5\xfb\
=~\x86!\xaaSJ\xb3\xa6\xaa_\x94>\x10\x00\x00\
\x00\x00\x00\x00\x00\x00\x00\xebP\xd1s \x9a\xaa~\x96\
R\xcaa\xc3\x97\xa5\x8f\xc5\x1a^EP\xf3\xc9\x9a\xaa\
>\xcc\xc1\xc5\x94\xd2\xc1\x90\x06\xa0\x07\xee\xa3\xb2\xe7m\
\xe9\x03\x01\x00\x00\x00\x00\x00\x00\x00\x00\xb0\x0a\x15=\x07\
 B\x9e3!\xcf\x95\xddo2\xe4\x99>W\xf6\xcc\
A\xc5\xe3hI\xce\xf2\x0e\xa2\xb2\xe7\xb11\x03\x00\x00\
\x00\x00\x00\x00\x00\x00X\x9e\x8a\x9e=\x17\x15$\xaf\xa2\
\x056\xcb\xdbj\x05\xc9\x85\xf0\xad\xf3\xb2\xba\x8d\x86o\
\x01\x00\x00\x00\x00\x00\x00\x00\x00\xc6LE\xcf\x1e[h\
\x13.L\xb8\x9a\xad\xb7\x09\x9ft\xed]T\xf6|\xb7\
\xad\xff\xc6\x88]6U}^\xfa \x00\x00\x00\x00\x00\
\x00\x00\x00\x00,CE\xcf\x9e\x8a\x16\xd77\xd1\xf2\x9a\
\xe5\xb5\x11\xf2\xbc\xdb\xd5\x985U\x9d\xabS\x9e:G\
+\xbb\x9et\xed\xd9\xc0\x8e\x19\x00\x00\x00\x00\x00\x00\x00\
\x00`\xa7T\xf4\xec\xa1\xa6\xaas\xf8\xedO!\xcf\x95\
\xed<\xe4\x99>W\xf7\xcc\xe7\xeb\xf7]\xfe7G\xe2\
4B\xb2\x00\x00\x00\x00\x00\x00\x00\x00\x00|\x87\x8a\x9e\
=\x13-\xad\x7f+}\x1c\xd6\xb0\xf7\xea\x90\x11\xd0\xbd\
\xdc\xe71\x0c\xd4^\x02\xba\x00\x00\x00\x00\x00\x00\x00\x00\
\x00C \xe8\xd9#Z\x80\xaf\xad7-\xc0\x85=\xd7\
&\xec\x09\x00\x00\x00\x00\x00\x00\x00\x00\xf0\x00A\xcf\x1e\
h\xaa\xfaYJi*\xe4\xb9\x96_'];\xed\xd3\
\x015U}\x98R\x9ai\xbd\xbf\xb2\xfb\x08{\xde\x0e\
\xec\xb8\x01\x00\x00\x00\x00\x00\x00\x00\x00\xb6F\xd0s\xcf\
\x22\xe4\x99C\x81u\xd1\x03\xb1\x9eW\x93\xae\xbd\xea\xe3\
\x81\x09{\xaeM\xd8\x13\x00\x00\x00\x00\x00\x00\x00\x00`\
\xc1O\x06c\x7f\x84<\xd7\x96\xc3\x80\xbf\xf45\xe4\x99\
EP\xf1E\xb4$gy9\x18\xfbW\xb4\xc0\x07\x00\
\x00\x00\x00\x00\x00\x00\x00(\x9e\x8a\x9e{\xa2\xe2\xe3\xda\
\x06U\xf1Q\x98\xf7Iz[\xb1\x15\x00\x00\x00\x00\x00\
\x00\x00\x00`WT\xf4\xdc\x03!\xcf\xb5\xb5Ck\xeb\
=\xe9\xda\xbb|\xcc)\xa5\xeb\x1e\x1c\xce\xd0\x5c6U\
-\xe8\x09\x00\x00\x00\x00\x00\x00\x00\x00\x14ME\xcf\x1d\
\x8b\x96\xd4\x97E}\xe8\xcd\x98\x87<\xef\x86\xfa\x01\x22\
\xb4x\xda\x83C\x19\x9a\xebI\xd7j\xe5\x0e\x00\x00\x00\
\x00\x00\x00\x00\x00\x14I\xd0s\x87\x84<\xd7\xf6>\xa5\
t2\xe4\x90\xe7\x5cS\xd5\x17)\xa57\xfd8\x9aA\
\x19\xcd5\x00\x00\x00\x00\x00\x00\x00\x00\x00\xb0\x0aA\xcf\
\x1dQ\xcdqm\xa3\xab\xe6(\xf0\xbb\xb6\xc1Wu\x05\
\x00\x00\x00\x00\x00\x00\x00\x00X\xd5OFl\xfb\x84<\
\xd76\xca\x96\xdd\x93\xae\xcd\xd7\xc3/)\xa5\xfb\x1e\x1c\
\xce\x90\xd4)\xa5\xdb\xa6\xaa\x0fK\x1f\x08\x00\x00\x00\x00\
\x00\x00\x00\x00\xa0\x1c*znQS\xd5\xcfRJ7\
)\xa5\xa3\xd1~\xc8\xedy\x15\x81\xc8\xd1\x8a\xc0\xe2,\
\xa5t0\xe6\xcf\xb9\x05\xf7Q\xd9\xf3vt\x9f\x0c\x00\
\x00\x00\x00\x00\x00\x00\x00\xe0+*znI\x84<g\
B\x9ek\x19}\xc83}\xae\xec\x99\x83\x8a\xc7)\xa5\
\x8f=8\x9c!\xc9\xc1\xd8Y\xb4\xc0\x07\x00\x00\x00\x00\
\x00\x00\x00\x00\x185\x15=\xb7 *5\xe6J\x9e\xcf\
G\xf7\xe1\xb6\xab\xc8J\x8d\x0b\xa1\xe0\xba\x07\x8734\
E\x84\x82\x01\x00\x00\x00\x00\x00\x00\x00\x80r\xa9\xe8\xb9\
a\x0b\xed\xb8\x85<WSl;\xeeI\xd7\xdeEe\
\xcf\xb6\x07\x8734\x97MU_\x94>\x08\x00\x00\x00\
\x00\x00\x00\x00\x00\xc0x\xa9\xe8\xb9A\xd1Jz\x1a\xad\
\xa5Y^\x0e8\x9eL\xba\xf6C\xe9c\xd6Tu\xae\
Ny\xda\x83C\x19\x9a\xebI\xd7j\xe5\x0e\x00\x00\x00\
\x00\x00\x00\x00\x00\x8c\x8e\xa0\xe7\x86D\xc8\xf3r\x14\x1f\
f\xb7\xda\xa8\xe4yW\xd2\x87~\x8c\xb0\xe7\xda\xde\xa5\
\x94\xce\x5cK\x00\x00\x00\x00\x00\x00\x00\x00\xc0\x98h\xdd\
\xbe\x01\xd1:Z\xc8su\xef\x84<\xbf\x15\x95)_\
\xf5\xed\xb8\x06\xe0eJi\xd6T\xf5\xb3\xd2\x07\x02\x00\
\x00\x00\x00\x00\x00\x00\x00\x18\x0f\x15=\x9fH\xf5\xc5\xb5\
i\xb5\xfd\x03\xaa\xc4\xae\xad\x8d\xca\x9e\xb7\x03=~\x00\
\x00\x00\x00\x00\x00\x00\x00\x80\x7f\x08z\xae)\xaa\x06^\
E\x15AV\xf3v\xd2\xb5\x17\xc6\xec\xc7\x9a\xaa>N\
)\xdd\xa4\x94\x0e\xfa~\xac=s\x1f\xd5b\x85=\x01\
\x00\x00\x00\x00\x00\x00\x00\x80A\x13\xf4\x5cC\x84<g\
)\xa5zp\x07\xbf\x7f\xaf&]{U\xfa \xac\xa2\
\xa9\xea\xc3\xb8\xde\x84=W\x93\xc3\x9e'\x93\xae\x9d\x0d\
\xe9\xa0\x01\x00\x00\x00\x00\x00\x00\x00\x00\x16\xfdd4V\
\xb3\x10\xba\x13\xf2\x5c\xcd\xbd\x90\xe7z\xa2*\xe5q\xb4\
$gy9\x18\xfbg\xb4\xc0\x07\x00\x00\x00\x00\x00\x00\
\x00\x00\x18$\x15=W\xa0\xb2\xe2\xda\xb4\xd1\xde\x00\x95\
d\x9f\xe4\xd7I\xd7N\x07|\xfc\x00\x00\x00\x00\x00\x00\
\x00\x00@\xa1T\xf4\x5cRS\xd5\xc7B\x9ek\x11\xf2\
\xdc\x90I\xd7\xdeEe\xcfw\xa3\xf8@\xbb\xf5[S\
\xd5\xaa\xc9\x02\x00\x00\x00\x00\x00\x00\x00\x00\x83\xa3\xa2\xe7\
\x12\xa2\xf5\xf3e\xef\x0f\xb4\x7f\xda\x08y\xde\x95>\x10\
\x9b\x16\xa1\xc5\xd3q}\xaa\x9d\xb8N)\x9d\xbb&\x01\
\x00\x00\x00\x00\x00\x00\x00\x80\xa1\x10\xf4\xfc\x81\xa6\xaa\xcf\
s5\xc0^\x1fd?\x09ynYS\xd5\xb9\x15\xf9\
\xebQ\x7f\xc8\xedpm\x02\x00\x00\x00\x00\x00\x00\x00\x00\
\x83!\xe8\xf9\x08U\x13\xd7v=\xe9\xda\xb3\x81\x1e\xfb\
\xa0\xa86\xbb6aO\x00\x00\x00\x00\x00\x00\x00\x00`\
\x10\x04=\x1f\xd0T\xf5\xb3\x94\xd2T\xc8s-B\x9e\
;&\xec\xb9\xb6\xfb\x08{\xde\x0e\xf4\xf8\x01\x00\x00\x00\
\x00\x00\x00\x00\x80\x02\x08z~%B\x9e\xb3\x94R\xdd\
\xab\x03\x1b\x86_'];-}\x10\xf6\xa1\xa9\xea\xc3\
\xb8n\x0f\xca\xfb\xf4O\x22\xec\x09\x00\x00\x00\x00\x00\x00\
\x00\x00\xf4\xdaON\xcf\xbf\x84<\x9f\xe4\x95\x90\xe7\xfe\
DP\xf18\x82\x8b,/\x07c\xff\x8a\xaa\xa8\x00\x00\
\x00\x00\x00\x00\x00\x00\x00\xbd#\xe8\x19\xa2\x22\xe2\x07!\
\xcf\x95\xe5`\xe1/\x93\xae\xbd\x1a\xd8q\x8fN\x84=\
_\xa4\x94\xda\xd2\xc7b\x0d\x97\xc2\x9e\x00\x00\x00\x00\x00\
\x00\x00\x00@\x1fi\xdd\xae\xed\xf5Sh{\xddC*\
\xd3>\xc9\xf5\xa4k\x05>\x01\x00\x00\x00\x00\x00\x00\x00\
\x80\xde(\xbe\xa2gT\xf1\xfbK\xc8se\xad\x90g\
?M\xba\xf6.\xda\xb8_\x97>\x16k8m\xaaZ\
uZ\x00\x00\x00\x00\x00\x00\x00\x00\xa07\x8a\xae\xe8\x19\
!\xcf\xcb\x1e\x1c\xca\xd0\xccC\x9ew\xa5\x0fD\xdfE\
h\xf1\xb4\xf4qX\x83k\x1c\x00\x00\x00\x00\x00\x00\x00\
\x00\xe8\x85b+z6U=\x15\xf2\x5c\xcb{\x01\xb8\
\xe1\x886\xe4oK\x1f\x875\xe4\xb6\xf7\xb3h\x83\x0f\
\x00\x00\x00\x00\x00\x00\x00\x00\xb07EV\xf4T\xe5p\
m\xd7\x11\x1cd`T\xaf]\xdb\xc7\x94\xd2\xc9\xa4k\
o\x07z\xfc\x00\x00\x00\x00\x00\x00\x00\x00\xc0\xc0\x15\x15\
\xf4\x8c\xea|7)\xa5\xa3\x1e\x1c\xce\xd0\x08y\x0e\x5c\
S\xd5')\xa5\x1cr>(},Vt\x1fUl\
\x85=\x01\x00\x00\x00\x00\x00\x00\x00\x80\x9d+\xa6u{\
\x84<gB\x9eky%\xe49|\x93\xae\xcd!\xe7\
\xe3\x08.\xb2\xbc\x83h\xe3\xeew\x00\x00\x00\x00\x00\x00\
\x00\x00\x00\xd8\xb9\x22\x82\x9eMU\x1f\xa6\x94r5\xbe\
\xba\x07\x87349\xe4yU\xfa \x8cET\xa5<\
\x8e\x96\xe4,/\x87=/\x85=\x01\x00\x00\x00\x00\x00\
\x00\x00\x80]\x1b}\xeb\xf6\x08y\xce\xb4\xab^\x99v\
\xd5#\xb6P\xe1V\xf8yu\xbfO\xba\xf6|h\x07\
\x0d\x00\x00\x00\x00\x00\x00\x00\x00\x0c\xd3\xa8+z6U\
}\x22\xe4\xb9\x16!\xcf\x91\x9bt\xed]T\xf6lK\
\x1f\x8b5\xbcn\xaaZ\x95[\x00\x00\x00\x00\x00\x00\x00\
\x00`'F[\xd13Z,_\xf6\xe0P\x86&\x07\
\xffN&]\xfb\xa1\xf4\x81(E\x84\x16OK\x1f\x87\
5\xbcK)\x9dEh\x16\x00\x00\x00\x00\x00\x00\x00\x00\
`+F\x19\xf4l\xaa\xfa\x22\xa5\xf4\xa6\x07\x8724\
mT\xf2\x14\x5c+\x8c\xb0\xe7\xda\xfc\xce\x00\x00\x00\x00\
\x00\x00\x00\x00\x00[5\xba\xd6\xed\x11X\x13\xf2\x5c\xdd\
;\x81\xb5rM\xba6W\xc0}U\xfa8\xac\xa1N\
)\xcd\x9a\xaa>\x1c\xdc\x91\x03\x00\x00\x00\x00\x00\x00\x00\
\x00\x830\x9a\x8a\x9eMU?K)\xe5\x90\xe7\xcb\x1e\
\x1c\xce\xd0\x5cG\xd0\x8f\xc25U\x9d\xaf\x83\xcb\xd2\xc7\
a\x0d\xf7\x11\x94\xbe\x1d\xdc\x91\x03\x00\x00\x00\x00\x00\x00\
\x00\x00\xbd6\x8a\x8a\x9e\x11\xf2\x9c\x09y\xae\xe5\xad\x90\
's\x93\xae\xcda\xe9\x9f#\xb8\xc8\xf2\x0e\xa2\xb2\xe7\
\x891\x03\x00\x00\x00\x00\x00\x00\x00\x006i\xf0\x15=\
\x9b\xaa~\x91R\xba\x89\x16\xca\xac\xe6U\x04\xfb\xe0\xeb\
\xdf\xab\xc3\x08O\x1f\x18\x99\x95\xf9\xbd\x02\x00\x00\x00\x00\
\x00\x00\x00\x006f\xd0\x15=#\x8cv+\xe4\xb9\xb2\
{a4\x1e\x13-\xc8\xf3\xefWk\xa0Vv\xd9T\
\xf5\xf9\xc0\x8e\x19\x00\x00\x00\x00\x00\x00\x00\x00\xe8\xa9\xc1\
V\xf4l\xaa\xfa8*y\xaa8\xb8\x9a\x1c\xf2<\x8e\
 \x1f<\xaa\xa9\xeagQ\xd9S\x98zu\xd7\x93\xae\
=\x1b\xdaA\x03\x00\x00\x00\x00\x00\x00\x00\x00\xfd2\xc8\
\xa0gS\xd59<u\xd9\x83C\x19\x9a\x8f)\xa5\x13\
!OV\x11a\xcf\x5c\xfd\xf5\xa5\x81[\xd9uJ\xe9\
|\xd2\xb5w\x03;n\x00\x00\x00\x00\x00\x00\x00\x00\xa0\
'\x06\x17\xf4\x8c\x96\xc8\xbf\xf5\xe0P\x86\xa6\x8dJ\x9e\
\x02g\xac\xa5\xa9\xea\x1c\xf6<5z+\xf3\xbb\x07\x00\
\x00\x00\x00\x00\x00\x00\x00\xac\xed\xa7!\x0d]\x04\xcd\x84\
<W'h\xc6\x93E\x1b\xf2\xdf\x8d\xe4\xcar\xdb\xfb\
YS\xd5/\x06v\xdc\x00\x00\x00\x00\x00\x00\x00\x00@\
\x0f\x0c\xa6\xa2\xa7j\x82k\xbb\x8e\x80\x1elDS\xd5\
\xf9z\xba4\x9a+\xbb\x8f\xc0\xf5\xed\xc0\x8e\x1b\x00\x00\
\x00\x00\x00\x00\x00\x00\xd8\xa3\xde\x07=\x9b\xaa~\x96\xab\
\xe1EU<V#\xe4\xc9VD\xd8s\x9aR:0\
\xc2+\x11\xf6\x04\x00\x00\x00\x00\x00\x00\x00\x00V\xd2\xeb\
\xd6\xedB\x9eO\xf2\xab\x90'\xdb2\xe9\xda\x5ca\xf7\
8\x82\x8b,/\x07c\xff\x8a\xa0,\x00\x00\x00\x00\x00\
\x00\x00\x00\xc0\x0f\xf5\xb6\xa2gS\xd5\x87\x11\xf2T1\
pu\xaf\x22\x88\x07[\xe5\xf7\xf4I\xfc\x9e\x02\x00\x00\
\x00\x00\x00\x00\x00\x00?\xd4\xcb\xa0\xa7\xf0\xd8\xdaru\
\xc5\x93I\xd7\xce\x06z\xfc\x0c\x90\xca\xbbOr\xad\xf2\
.\x00\x00\x00\x00\x00\x00\x00\x00\xf0\x98\xde\xb5n\x8f\x96\
\xc6\x7f\x09y\xae,\x87<\x8f\x85<\xd9\xb5I\xd7\xde\
E\x1b\xf7\xd6\xe0\xaf\xec\xb4\xa9jU=\x01\x00\x00\x00\
\x00\x00\x00\x00\x80\xef\xeaUE\xcf\x08y^\xf6\xe0P\
\x86&\x07\xec\xce&]{[\xfa@\xb0?Q\xd9s\
\x9a\xc3\x8bN\xc3\xca\xda\x08j\xdf\x0d\xec\xb8\x01\x00\x00\
\x00\x00\x00\x00\x00\x80-\xebM\xd0\xb3\xa9\xea\x1c\x10{\
\xdd\x83C\x19\x1a\x011z%*T\x0a{\xae\xce\xef\
2\x00\x00\x00\x00\x00\x00\x00\x00\xf0\x8d^\xb4n\x8f`\
\x98\x90\xe7\xea\xde\x0b\x86\xd17\x93\xae\xcd\x95y\x7fu\
bVV\xa7\x94>4U}8\xb0\xe3\x06\x00\x00\x00\
\x00\x00\x00\x00\x00\xb6h\xaf\x15=\xa3\xd5\xf3MJ\xe9\
\xc8I^\xd9u\x04\xea\xa0\x97\x9a\xaa\xce\xd7\xe7\xa5\xb3\
\xb3\xb2\xfb\x08p\xdf\x0e\xec\xb8\x01\x00\x00\x00\x00\x00\x00\
\x00\x80-\xd8[E\xcf\x08y\xce\x84<\xd7\xf2\xbb\x90\
'}7\xe9\xda\x5c\xa9\xf7\x97\x08.\xb2\xbc\x83\xfc\xdd\
\x18AY\x00\x00\x00\x00\x00\x00\x00\x00\xa0p{\xa9\xe8\
\x19\xad\x89\xaf\xa2U1\xaby\x15\x01:\x18\x84\xf8}\
\x9fE\x80\x11\xbf\xef\x00\x00\x00\x00\x00\x00\x00\x00\xc0\x0a\
v^\xd1s!\xf4%\xe4\xb9:\xa1/\x06'Z\x90\
\x1f\xa7\x94>:{+\xbbl\xaaz:\xb0c\x06\x00\
\x00\x00\x00\x00\x00\x00\x006h\xa7\x15=\x9b\xaa>\x89\
J\x9e*\xfb\xad&\xb7\xbe>\x8e\xc0\x1c\x0cRS\xd5\
\xcf\x84\xbc\xd7v=\xe9Z\xad\xdc\x01\x00\x00\x00\x00\x00\
\x00\x00\xa0@;\x0bz6U\x9dCJ\x97.\xb2\x95\
\x09y2\x1a\x11\xf6\xbcI)\x1d9\xab+{\x9fR\
:\x99t\xed\xdd\xc0\x8e\x1b\x00\x00\x00\x00\x00\x00\x00\x00\
x\x82\x9d\x04=\x9b\xaa\xbeH)\xbdq\xa2V\xd6F\
\xb0\xeb\xc3\xc0\x8e\x1b\x1e\xd5Tu\xae\xec{j\x94V\
\xd6F\xf0[\xd8\x13\x00\x00\x00\x00\x00\x00\x00\x00\x0a\xb1\
\xf5\xa0\xa7@\xd7\xda\x04\xba\x185\xdf\x0dk\xcb\xdf\x0d\
g\xaa\xfc\x02\x00\x00\x00\x00\x00\x00\x00@\x19\xb6\x16\xf4\
\x8c\x16\xcdSA\xae\xb5\x5c\xa7\x94\xce\x85<\x19\xbb\xa6\
\xaa\xcfRJ\x97N\xf4\xca\xee#\x08.\xec\x09\x00\x00\
\x00\x00\x00\x00\x00\x00#\xb7\x95\xa0g\x84<g)\xa5\
\xda\x05\xb4\xb2\xebI\xd7\x9e\x0d\xec\x98am\xc2\x9ek\
\xbb\x8f\xca\x9e7\x03=~\x00\x00\x00\x00\x00\x00\x00\x00\
`\x09?mz\x90\x9a\xaa~!\xe4\xb9\xb6\xb7B\x9e\
\x94f\xd2\xb5\xb9\x85\xfb\xcf\x11\x5cdy\x07)\xa5?\
\x22(\x0b\x00\x00\x00\x00\x00\x00\x00\x00\x8c\xd4F+z\
6U}\x18!\xcf\x03\x17\xcc\xca^E\xe0\x0d\x8a\xe4\
\xfb\xe3IrH\xfcb\xc0\xc7\x0f\x00\x00\x00\x00\x00\x00\
\x00\x00|\xc7\xc6*z6U},\xa4\xb5\x96{!\
O\xf8T\xd9\xf36\xa5\x94\xc3\x9e\xad\xe1X\xd9\x9b\xa6\
\xaa}\x87\x00\x00\x00\x00\x00\x00\x00\x00\xc0\x08m\xa4\xa2\
g\xb4\x0e\xbet\x81\xac,\x87<\x8f#\xe0\x06|\xfe\
>y\x16\xa1\xf1\xdax\xac\xec:\xa5t>\xe9\xda\xbb\
\x81\x1d7\x00\x00\x00\x00\x00\x00\x00\x00\xf0\x1dO\xae\xe8\
)\xe4\xb9\xb6\x8fB\x9e\xf0\xad\x08)\xe6\x0a\xc1\xef\x0c\
\xcf\xcaNsH6\xc2\xb2\x00\x00\x00\x00\x00\x00\x00\x00\
\xc0\x08<\xa9\xa2g\xb4\x0a>u!\xac\xac\x8d\x90\xa7\
\xaa{\xf0\x08\xdf1k\xcb\xdf1'\x93\xae\xfd0\xd0\
\xe3\x07\x00\x00\x00\x00\x00\x00\x00\x00\xc2\xda\x15=\x05\xb0\
\xd6&\xe4\x09K\x9atm\xae\x18\xfc\xbb\xf1ZYn\
{\x7f\xdbT\xf5\xe1\xc0\x8e\x1b\x00\x00\x00\x00\x00\x00\x00\
\x00\xf8\xca\xca\x15=\xa3%\xf0,\x82D\xac\xe6:\x82\
k\xc0j\xdf;\xf9\xf7\xe6\xd2\x98\xad\xec>*{\xce\
\x06v\xdc\x00\x00\x00\x00\x00\x00\x00\x00@X\xa9\xa2\xa7\
\x90\xe7\x93\x08y\xc2\x9a&]\x9b+\x08\xbf\x8a\xe0\x22\
\xcb;H)\xfd\x19AY\x00\x00\x00\x00\x00\x00\x00\x00\
`\x80\x96\xae\xe8\x19-\x80g\x11\x1cb5\xbfN\xba\
vj\xcc\xe0i|\x0f=\xc9\xab\x08\xcc\x02\x00\x00\x00\
\x00\x00\x00\x00\x00\x03\xb2T\xd0S\xb8\xeaI\x84\xab`\
\x83|\x1f=\x89\xca\xc2\x00\x00\x00\x00\x00\x00\x00\x000\
0?l\xdd.T\xb5\xb6\xdcb\xfag!O\xd8\xac\
I\xd7\xde\xa6\x94^\xa4\x94ZC\xbb\xb2\xd3\xa6\xaaU\
\x17\x06\x00\x00\x00\x00\x00\x00\x00\x80\x01y\xb4\xa2gS\
\xd5\xcfRJ\x1f\x84<W\x96C\x9e\xc7\x11H\x03\xb6\
 \xbe\x9fr\x08\xbd6\xbe+Si\x18\x00\x00\x00\x00\
\x00\x00\x00\x00\x06\xe2G\x15=U\xf2\x5c]+\xe4\x09\
\xdb7\xe9\xda\xbb\xfc\xbb\x96\xdb\x91\x1b\xee\x95]6U\
}<\xb0c\x06\x00\x00\x00\x00\x00\x00\x00\x80\x22}\xb7\
\xa2g\xb4\xf7}\xed\xb2X\xc9<\xe4y7\xa0c\x86\
\xc1k\xaa:W\xa7<u&W\x92+\x0f\xbf\xf0}\
\x05\x00\x00\x00\x00\x00\x00\x00\x00\xfd\xf6`E\xcf\xa6\xaa\
O\x84<W\xf6^\xc8\x13\xf6c\xd2\xb5g)\xa5_\
\x0d\xffJr\xb5f\xed\xdb\x01\x00\x00\x00\x00\x00\x00\x00\
\xa0\xe7\xbe\xa9\xe8\xd9T\xf5\xb3\x94Rn;\xfe\xdc\xc9\
[\xdau\x04\xcd\x80=j\xaa:\xff\x1e^:\x07+\
\xf9e\xd2\xb57\x03:^\x00\x00\x00\x00\x00\x00\x00\x00\
(\xcaC\x15=\xcf\x85<W\xf2\xbb\x90'\xf4\xc3\xa4\
ks\x85\xca_\xa2-9\xcb\xb9\x8a\x80?\x00\x00\x00\
\x00\x00\x00\x00\x00\xd0C_\x04=\x9b\xaa~\x91Rz\
\xe3D-\xed\xd5\xa4k\xcf\x07r\xacP\x84\xa8Ny\
,\xec\xb9\xb4\x83\x08\xf8\x03\x00\x00\x00\x00\x00\x00\x00\x00\
=\xf4uE\xcf\x0b'ii\xaf\xa2z \xd03\x93\
\xae\xbd\x8d\xb0\xe7G\xe7f)\xe7\xaaz\x02\x00\x00\x00\
\x00\x00\x00\x00@?\xfd\x13\xf4\x8c\x90\xcf\xa9\xf3\xf4C\
\xb9J\xe0\x7f\x85<\xa1\xdf\x22\xecy\x98Rj\x9d\xaa\
\x1fR\xd5\x13\x00\x00\x00\x00\x00\x00\x00\x00zj\xb1\xa2\
\xa7\x90\xcf\x8f\xe5\x90\xe7q\x04\xc8\x18\x91\xa6\xaa\xcf\x9a\
\xaa\xbeR\xd5p\x5c&]{\x17\x95=\xdf\x97>\x16\
K8\xeb\xfd\x11\x02\x00\x00\x00\x00\x00\x00\x00@\x81\x16\
\x83\x9eB>\x8f\xcbU\x01\x0f\x85<\xc7\xa7\xa9\xeai\
J\xe92*\xda\xce\x84=\xc7%\x87=']\x9b\xc3\
\x9e\xd7\xa5\x8f\xc5\x0f<o\xaa\xfa\xa4\xd7G\x08\x00\x00\
\x00\x00\x00\x00\x00\x00\x05\xfa\xcf\xdf\x7f\xff\x9d\x83n\xb9\
\xbd\xf1_.\x80\xefj\xa3\x92\xe7]O\x8f\x8f5\xe5\
*\x9e\x11\xf0\x5c\xe4|\x8f\xd4w\xce7\xff\xba\x9et\
\xad\xd0?\x00\x00\x00\xc0\x0e5U\xfd\x22\xa5\xf4\xe2\xab\
\xff\xe2C\x7f\xefky^\x7f\xd9M\xeb\xb3%\xff\x7f\
\x1f\xe2\xe7k\xb7\xe6K\x01\x006'2\x1a\x0f=\xcb\
-\xf3\x1c8\xf7,\x9e\x09W\xb5\xec\xb3a\x96\x0ba\
=\xf4\x1c\xf8a\xd2\xb5\x0f=7\x02\x00[2\x0fz\
^\xa4\x94\xde\x18\xe4\x07\xe5*\x80\xe7&\xb1\xc6%\xaa\
vN\x1f\x09\xfd}L)\x9d\xa8\xe0:>\xb9M\x7f\
Tp\xe5[\xf7\x93\xaeU\xd1\x16\x00\x00\x00\xe0\x09\xbe\
\x0an\x1e\xc7\x9f\x8b\x8b\xf0\xf9\xaf\xeb\x81\x8f\xf1},\
\xfa\xcf-\x06\x00\x16\xc3\xa2\x02\x00\x00\xc0h}\xf5\xdc\
\xb7\xf8\xd7_\x070\xc7\xf0\xfc\xb7\x8c\xf7_\xfd\x7f\x16\
\x03\xa5\x8b\xcf\x8b6\x11\x01\xc0\x1a\xe6A\xcf\xdbB\x1e\
,V\xa5\xba\xdd\x08E\xc8s\xb6\xc45\x7f\x1f\x95=\
\x85=GF\xd8\xf3Q\xffu\xcd\x03\x00\x00\x00|\xdf\
B\xf5\xa5y\x88s\xfeg\xfe\xfb\x07\x86\xee\xbb\xe6\x0b\
\xff\xf3 \xe8\xdd|\xc1\xdf|\x14\x00\xd07MU\x7f\
\xfd\xac7\x0fr\x96\x12\xda\xdc\x15\xcf\x88\x00\xb0\xa4y\
\xd0\xf3o\x03\xf6\x8d\xb7\x93\xae\xbd\xe8\xd91\xf1D+\
\x84<\xe7\xee\xa3\xb2\xe7*\xe5\xeb\x19\x80x9\xbb1\
\xf9\xfe\x8d_'];\xed\xd91\x01l\x5c<\x13\x1c\
.\xd9\x06g>\xa9\xe4y\x00\x00\x00\x0a\xb1\xf0\xce\xb0\
\x18\xea\xcc\xef\x0e\xcf]\x03[s\xbfP\xe9\xe9va\
\xb1_\xc5'\x00`\xe3\x1ex\xde\x9b\xffyd\xb4{\
\xc53\x22\xa3\xf6@\xa8|\x19\x8b]\x14\xfc.@A\
\xfe\xf3\xff\x9e\xfd\x7f\xf9\xcb\xe2O'\xfd\x0b\xaf&]\
{\xd5\xa3\xe3a\x03b\xa7\xfd\xcd\x9a\x93\xb1\xae\x89\x11\
\x8akb&\xec\xf9\x05\x95\x8c\x81Q\x8a\xef\xfc\xe3\xf8\
9|\xc2\xe2\xec\xc7\x98L\xca\xf7\x8f\x1b-\x08\x01\x00\
`\xf8\xa2\xe5\xe6|\x91_\xa0\xb3\xbf\xde/,h\xce\
\xb4\x85\x07\x00\x96\xb1\xd0^\xfdxa\xe3\xbf0\xe78\
\xccC\xa0\xf3\x00\xe8\xad\xd0\x1b}\x16\xdfG\x8bkU\
\x9b\xac\x0e\xfc~\xe1]i\xe6]\x09\xc6)\x07=\xcf\
SJ\xbf9\xbf\x9f\xe4\x07\x81s\x81\xbe\xf1\xd9P\xa0\
O\xd8s\x84\xe2a\xeaF\x8b\x85\x7f\xb4\x93\xae=\xec\
\xc9\xb1\x00<I\xdc\xffsx\xfdd\x8b\x8b\xb4\x1f\xe3\
>r\xa5\x8d\x0c\x00\x00\xf4_Tn:^\x08uj\
\xb7>|\xef\x17\x17\xf7uc\x00\x80r\xc5\x9c\xf0\xe1\
B\xb0\xd3\xb3^\x99>.\x04\xde\xe6\xe1O\xa17\xf6\
\x22\xdeA\xcf\xe2g\x97\x99\x04\xebW0B9\xe8\x99\
\xdb\x93\xbfqr?\x85<\x8f}\xc1\x8d\xcf\x86[t\
\xff>\xe9\xda\xf3\xd2\xc7tl\xd6h\xe9?j\x93\xae\
\xfdO\xe9c\x00\x0c\xd7\xc2\x0b\xf3\xf9\x1e*\xf0\xb4)\
\xa5\xa9\x8d!\x00\x00\xd0\x1f_UL9V\xa9\xb3\x18\
\xedBu'\xe1O\x00\x18\xa1\x85\xd6\xeb\xc7B\x9d,\
\xe1\xe3\xc2\xf3\xe1\xcc\xf3!\xdb\x16\xc1\xf3\xbcVu\xda\
\x83\xc1\xb6~\x05#\x91\x83\x9e9\x00\xf7\xb2\xf0\x13\x9a\
o\xea'B\x9e\xe3\xd3Tu\x0ez\x5cn\xf8\x83i\
m=B\xf12x\xe5\xfbP\xd0\x13\x18\xa6\xf8\x1e?\
\x8f\x9f}O\xe6\xe5\x0dD\xd3xi\xd6\x22\x06\x00\x00\
v(\xde\x0dN\x04;y\xc0\xbc\xf2\xe7LU'\x00\
\x18\x9e\x85\xca\xec\xf3\x1f\x05\x5cx\xaa\xf7\x0bm\xae\x05\
?\xd9\x88\xd8l\x98s\x07G=\x1c\xd1\x9c\x8d\xba\x10\
\xf8\x84\xe1\xcaA\xcfYO\xbf`v\xa5\x8dJ\x9e\x16\
\xe1GfK!\xcf\xb9\xebh\xf3\xef\xba\x19\x99\xa6\xaa\
\xafz\xb2\xabf\x9f\xfe+\xf8\x0e\x0cIS\xd5\x17=\
\x09x~\xed>\x9e\x17\xbc0\x03\x00\xc0\x16E\xa5\x94\
\x93\xf8\xb1\xe0\xcf\xb2>\xce\x17\xf6cq_\xf0\x13\x00\
z&:7\x9e\x08v\xb2#\xf3\xe0\xe7\x8d\xb5RV\
\x15a\xf4\xbc^\xf5z\x00\x83\xd7\xc6\xfa\x95\x803\x0c\
L\xe9AO!\xcf\x91j\xaaz\xba\x83\x1b\xa8\xebg\
\xa4\x220\xf4\xa6\xe0!\xf8\xd9C\x1d0\x041\xc9w\
5\x80\x0a=\xf9\x99\xe1\xcc\xc4\x10\xfc\xb3\x19\xeb\x85\xa1\
\xa0 wQ9\xec\x1f\x9e\xb5\xd9\x94x\x16:.`\
@?\xd88\xc3C\x9a\xaa>Y\x08wj\xd1\xc9&\
\x08~\x0e\x5c\xcc\xeb\x02,C\xf5\xbe\x9e\x8aJx\xf3\
pg\xf1]\xf8\xd8\xab\x5c\xc8\xe1&~f2\x01<\
f@\xebU_\xfb=*|\xba\xbe\x19\x9cB\xd7\x9b\
f%\x07=\xb5\xdf\x1e\xa9\x1dWd\x14\xf6\x1c\xa9-\
W\x84\xed;AO\xa0\xd7\x06\xb6+r\xd1\xdbI\xd7\
Zt\xa2hMU\x97\xdeQ\x02\x16\xdd/\x84@g\
\x0b\x7f\xde\xd9\x1c\xc02\x0a\xda\xa4\xf8~\xd2\xb5%\x04\
ZY\x82p';\xd6.Tt2W6\x00MU\
\xff]\xfa\x18\x00K3O\xd7#\x11\xee\xcc\xcfwg\
\xaav\xd2c\xef\xe6\xc1O\xd9\x00\x16\xed\xa8\x08\xd96\
\xe5\x0do'\xe6#\x19\x9aB\xd7\x9b\xde\xfe\x9f\x1e\x1c\
\xc4>\x08y\x8eP\x84>\xa6;n\xbb\x9d_6n\
\xf3$\xb3\x1b\xdf\xb8\xe4j!M\xf5\xe9]rj\xe1\
\x00\xa0?b\xd2\xeff\xa0\x13~o\xe6\xad\x86L\x04\
\x01\x10\xef\x19\xf3\x89\xa8\xf9\x9f\x9fB{\xf1.\x92\xc3\
%\x1f\x22\x0c\x9a'\xadn\xdd?\x80\x12E[\xf6s\
\xe1N\xf6\xa0\x8e\x9f\xd7MU\xdf\xcfC\x9f\xaa}\x02\
\xc0\xd3\x09w2@/\xe3\xe7\xb2\xa9j\xa1O\xe6\xf9\
\x94\x9b\x11\x04\xcdr\x15\xd2\xbf\x9a\xaa\xfeu\xd2\xb5\xd3\
\x1e\x1c\x0f\xf0\x88\x12\x83\x9e\xaf\xb4{\x1a\x9f\xb8\x89\xce\
\xf6\xf4\x22\x90o|\xb3\x1c\xdc\x10\xf6\x1c\x97\x08{\xce\
\x17U-$\x00\xecY,\xf0\x0e\xfd;\xf9\xc8&\x11\
\x00\x964\x0f\x97\xbc\x5c\x08\x80\xce[\xca\xdeF\xc8\xc4\
\xbd\x04\x18\xa5X\xf8?\x8b\x9f\xa1\xb5\xbec\x9c\x0e\x16\
\x16\xf7\xf35\xdaFk\xc6\x1b\xa1O\x00XN\xac\xe7\
\xce\xc3\x9d:\xbe0d\x8b\xa1\xcf\xebx&\xbcqF\
\xcb\xb1\xe7|\xca\xb6\xfc\x16\xc5J\xce\x04\x98\xa1\xbf~\
*\xec\xdc\x08y\x8ePOn\xa2\x07\xf3\xb0\xe7h\x07\
\xbaP\xb1pz\x1cm\x15\x01\xd8\x93\xa6\xaa\xf3\xe4\xdf\
_#\x09\xde\xcf7\x89\x1c\xf6\xe0X\x00\x18\x96\xe7\xd1\
\xc5\xe2\xb7\xd8i\x7f\xd7Tu\xde\xa0v\x16\xef\xc6\x00\
\x83\x967D5U\x9d\x17H\xff\x17!w!O\xfa\
\xaa\x8e\xfb\xf1\xff\x9a\xaa\xfe\x90\xdb5z\xc7\x03\x80\x87\
\xe5{d~w\x8d\xae\x15\x97B\x9e\x8cL\x9e\xa7\xf9\
#\x9e\x09/b\xd3\x1a#\x16\xcf\xfd\xb7#\xadF\xfc\
2\xd6\xaf\x5c\xc7\xd0S\xa5\x04=s@\xebg!\xcf\
\xf1\xe9\xd9M4\x07O\xfe\x8c \x0a#\x12a\xcf\x17\
\xd1:\x11\x80\x1d\x8b{\xeb\xe5\xc8\xc6\xfd@\xd8\x13\x80\
\x0d8\x88\x05\x85|\x9f\xecrG\x82\xa6\xaa\xcfM\xc6\
\x02C\x92\x83\xea\xf1\xdd\x95\x17\xfe\xff\x98WL\x84\x01\
\xc9\x81\xe4\xd7\xb1\x09c\x1e\xfat/\x06\xa0x\xb1)\
\xf166\xf0\x9f\xea\x9e\xc7\xc8=\x8f\xcdjy#\xd0\
\x8d\x02Q\xe3\x14\x1b\xad\xafF\xbe)\xb1\x8e\xcet\xd6\
\xaf\xa0\x87J\x08z\xe6\x90gn\xa9=\xeb\xc1\xb1\xb0\
A\x0b\xed[\xfbv\x13\xbd\x14\xf6\x1c\x9f(O~,\
\xec\x09\xb0[1\x192\xb6\x90\xe7\x9c\xb0'\x00\x9b\xb6\
X]l\x1e\xfaT\xe9\x13\xe8\xa5\x1c\x84\xcb\x15o\xa2\
\xb2\xd3o\xaaw2\x12\xf3\xd0\xe7\xffl\xc0\x00\xa0D\
\xb1\x89'W5\xbc\x8by\xdd1V\xbc\x83\x1fy\x19\
\x05\xa2>\xc8\x0d\x8c\xc7H\xdb\xb5\x7f\xcfAlds\
\xfdB\xcf\x8c=\xe8\xd9F\xc8\xf3\xb6\x07\xc7\xc2\x06E\
\xe8c\xd6\xe3\x9d_9\xec9\xed\xc1q\xb0\xf8O}\
\xa9\x00\x00 \x00IDATA9\xec9\xe9\xda\x1c\
\xc6\xb96\xae\x00\xdb\x17\x01\xc8\x9b\x91\x0fu~\x96\xb9\
\x11\xc2\x01`\x0b\xe6\xa1\xcf.*I\x9c\x18d\xa0\x0f\
\x22\xe0y\xb5\xd0\x9e]e'\xc6jq\x03\xc6MT\
5\xf3\xee\x07\xc0(-<\xe3}\xf0\x8c\x07\xffx\x1e\
\xb9\x81\xbb\x08@{\x16\x1c\xb6\xab\x02\xc3\xeb\x8a\x9cA\
\xcf\x8c9\xe8)\xe49Rq#\xf9s\x00/\x08\xaf\
\xe3\x85\x86\x91\x99t\xed\x99\xb0'\xc0v-\xb4\xbf(\
aB\xf0y\x01\x81V\x00\xf6+W\x92\xf8#*I\
XX\x00\xf6\xe2\xab\x80\xe7\xa9\xb3@a^FU\xb3\
|/\xbe\xd2\xd9\x01\x80\xb1x\xe0\x19O\xc0\x13\xbeu\
\x10\x01h\xf32\x03\x15\xdd(^\x16\xfa\xf1\x159\x83\
\x1e\x19k\xd0\xf3]\x84<\xefzp,lP\x84<\
\x87\xd4\xbe\xf54&\xee<\xac\x8dL\x84=\x7f-}\
\x1c\x00\xb6\xe8\xa2\xb0\x9d\x91G\xb9\xa5_\x0f\x8e\x03\x80\
q{\x1e\x0b\x0b]\xbc\xabj%\x0bl]\xb4\xef\x14\
\xf0\x84\xcf\x0e\xe2\xf7\xe0\xafh\xed\xae\xca'\x00\x83d\
\x13\x0f\xacE\xe0s\x80\xa2\xdb\xec\x9b\xc2\x87A\x913\
\xe8\x891\x06=\xaf']{\x22\xe49>\xb1K`\
H!\xcf\xb9\xfcr3\xf3\xa06>\x93\xae\xcd\xd7\xe4\
\xab\xd2\xc7\x01`\xd3\xa2\xb2\xc9\xeb\x02\x07\xf6B\xe0\x06\
\x80\x1d:\x8dV\xb2\x02\x9f\xc0VD\xc0\xf3\x22\xdaw\
Z\xfc\x87o\xd5\xaa|\x0204\x0b\xcfx\xb7\x9e\xf1\
`m\x8b\x81Om\xb1{l\xa1\xfb\x1cQ\xe4\xcc8\
\xc0~\x8d-\xe8\xf9{T\xd9cd\xe2\x861\xe4\xc0\
G-\xec9N\x93\xae\xcd\xd7\xe6/)\xa5\xfb\xd2\xc7\
\x02`\x83J}Q\xcc\x93;\xda_\x00\xb0k\x02\x9f\
\xc0\xc6\xc5b\xe5m,^j\xdf\x09\x8f[\xac\xf29\
\xb3\xd8\x0f@_\xc5=\xea\x83g<\xd8\x98\x83h\x8b\
\xfd!\xaaF\xd2?\x17\xd1!\x87\xcf\x84=a\xcf\xc6\
\x14\xf4|5\xe9Z\xed.Gf\xa1\xb5\xd3\x18v\x84\
\xe5\xb0\xe7\xad\x9d\xd9\xe33\xe9\xda\x9b\x94\xd2\xb1\xb0'\
\xc0\xd3E\xfb\xf2\x92Z\xb6\x7f\xed\xa5\x09\x1d\x00\xf6d\
\x1e\xf8\xd4:\x0cX[\x9e\xf7\xcaA\xb5\xa8Rh1\
\x0cVw\xb4\xb0\xd8\xef\x9e\x0c@/\xe4\xf9\xca\xa6\xaa\
o\xe3\x19O\xc0\x136/\xbf;\xfd\xd9T\xf5\x8dM\
\xb8\xfdQp\xf7\xb9\x1f9\x8dk\xd5\xbb\x0a\xec\xc1X\
\x82\x9e\xaf\xa2\xaa\x1e#\x127\x86\xd9\xc8\xca\xfe?\x8f\
\xca\x9e\xc2\x9e#3\xe9\xda\xdb\x08{~,},\x00\
\xd6\x15\xf7\xfe\x0b\x03\xa8\x0d\x08\x00{\xa5u\x18\xb0\xb2\
\x85\x16\x9e\x7fEP\x0dx\x9a\xe7\x0b\xf7dU\xb7\x01\
\xd8\x8bx\xc6\xcb\x1d\x88\xfe,|s>\xec\xca\xcb(\
\x1ce\x9d\xa4\x1ft`\xfb\xbe\x97:\xda\xc2~\x8c\x22\
\xe8)\xe49>\x0b!\xcf1\xbe4\x1c\xc4MO\xb5\
\xae\x91\x89\xb0\xe7\x87\xd2\xc7\x01\xe0\x09\xa6v\x84\x7f\xf2\
\xdcD\x0e\x00{6o\x1d6\x13,\x01~$\xe6\xb8\
\xe6m\xda\x81\xcd:X\xa8\xba}\xa5\x80\x00\x00\xbb\xd2\
T\xf5I\xacy\xa9f\x07\xbb\x95\x9f\xff\xde\xe4*\xba\
\x9e\xfd\xf6'\xdesmb|\x5c-\xec\x09\xbb7\xa6\
\xd6\xed\x8cD<\xb0\xdc\x8e|g\xd8A\x94_W!\
\x05\x00\xfe}i\x1eS\x15\xef\xa7:\x17\xac\x01\xa0\x07\
\x8e\xa2\x92\xc4\xb9\x93\x01<d\xa1\xc2\x936\xed\xb0}\
\xf9\x9d\xf9\xaf\xd8\x88\xa1\x88\x00\x00[\x11U<oR\
J\x7f\xd8\x94\x0f{U\xc7\xb3\x9f\xa2\x10\xfba\xdc\x97\
#\xec\x09;&\xe8I\xafD\xc8sV\xd0\xe4\xf0\xa5\
\xb0'\x00|\xa2\x05\xc6\x97\x0e\x8c\x09\x00=\x91\xefI\
\xbf\xa9\xee\x09,\xcasx\xb9\xc2\x8c\x0aO\xb0\x17G\
QD@\xe0\x13\x80\x8dZ\xa8\xd4\xfe\xd2\xc8Bo\xcc\
\xab{\x9a\x93\xd9\x11\xd5<W&\xec\x09;$\xe8I\
o\xc4\x0dsV\xe0\xee\xb0\xcb\xa8~\x00\x00E\x8a*\
ac\xae\xe4\xbd\xae\x97\xd1\x22\x09\x00\xfa`^\xdd\xd3\
\xbd\x09\x0a\x17\x9b\x96g\x9e\xe1a\xef\x04>\x01\xd8\x98\
\xa8\x1a\xa8R;\xf4SmNf\xa7\x14\xeaZ]\xbe\
Fo\x86v\xd00D\x82\x9e\xf4BL\x10\xffYp\
\x0b\x80\xd7MU_\xf5\xe08\x00`\xa7b\x87\x9f\x16\
\x18\xdf7\xb5\x0b\x12\x80\x1e\xc9\xef\xec\x7f\xd8\xac\x08\xe5\
\x8a\xf9\xabKm<\xa1W\x04>\x01X[\xb4j\xcf\
\x9bx\xde\x18E\xe85s2;\x10\xeb1\xa7\xa3\xff\
\xa0\xdbq$\xf3\x02\xdb'\xe8\xc9\xdeE\xc8\xf3\xd2\x99\
H\xa7\xf9\xc6'\xcc\x01@a\xae,\x12?*\xef\xa0\
?\xef\xf1\xf1\x01P\xa6\xd7\xd16\xcc\xfb+\x14\x22\x02\
\x00\xb7\x16\xbc\xa0\xd7\x04>\x01XIS\xd5\x87)\xa5\
\x0fZ\x14\xc3\xa0\x98\x93\xd9.US\x9f\xe6T\xd8\x13\
\xb6K\xd0\x93\xbd\x8a\x1d'B\x9e\xff\xca\x93\xe53\x0f\
f\x00\x94 \x16\x9e^:\xd9?\xf4\xa6\xa9\xea\x17=\
?F\x00\xca\x93[2}\x88\x85A`\xc4\x16\x02\x00\
Z\xb5\xc30\xcc\x03\x9f7\xde%\x01\xf8\x9e(\xc43\
\xb3\x09\x1f\x06\xc9\x9c\xcc\xf6\x08z>\x9d\xb0'l\x91\
\xa0'{\x13_\xee\xaf\x9d\x81o\xd4\xc2\x9e\x00\x14\xc2\
\x8b\xde\xf2\x8c\x15\x00}t\x10\xef\xaf&\xc1a\xa4\xe2\
\xf7[\x00\x00\x86)o\xac\xfc\x9f.R\x00|\xad\xa9\
\xea\x8b(\xc4\xe3\x19\x0f\x86k>'s\xe6\x1cnF\
<3+N\xb2\x19\xc2\x9e\xb0%\x82\x9e\xec\x5c\xb4z\
\xba\xd2\xea\xe9Q9\xecyk\x17\x0e\x00c\x15\x93\x89\
\xcf\x9d\xe0\xa5\x1d\x09\xd1\x00\xd0Sya\xe1\x0f\x0b\x0b\
0>\xf1{\xfd\x87\x00\x00\x0c\xdeiT|\xba\x10\xf8\
\x04 \xd6h\xdf\x14?\x100\x0e\xf9]\xed\xd2\x9c\xcc\
\xc6\x1c\x8f\xe4s\xf4\x85\xb0'l\x81\xa0';\x15\x13\
I3!\xcf\xa5<\x8f]8\xc2\x9e\x00\x8cJ\xb4\x8e\
;wVW6\xb5(\x07@\x8fYX\x80\x11\x89\xdf\
\xe7K\xe7\x14F\xe3 B=\xb7\xee\xd7\x00e\x8aB\
<\xd6ha\x9c.\x05\xea6B\xd0s\xf3\x84=a\
\xc3\x04=\xd9\x99\x85\x90gm\xd4\x976/\xb9\xee\xa1\
\x02\x801\x99\xaa\x0a\xb4\x96\xe7\x02\xb2\x00\xf4\x9c\xb0'\
\x8c\x80\x90'\x8c\xda\xf3\xb8_\x9bs\x06(\xc8\xc2\x1a\
\xed\x91\xf3\x0e\xa3%P\xf7t\x0apmG\xbe6\xad\
m\xc1\x86\x08z\xb2\x13Q\x95\xf2V\xc8s-9\x08\
\xf3\xa7\xc52\x00\xc6 \x16\x92^:\x99k{\x13\x15\
Q\x01\xa0\xaf\x84=a\xc0\x84<\xa1\x18G1\xe7|\
\xa5s\x04\xc0\xb8)\xc4\x03E\x11\xf6|\x1aa\xf8\xed\
\xf9\xcd|!l\x86\xa0'[\x17!\xcfY\xec\x16f\
}\x16\xcb\x00\x18\x03\x93\x0cOg\x0c\x01\xe8;\xef\xaf\
0@B\x9eP\xa4\xdc\xbe\xf7\x83\xfb6\xc08\x09y\
B\x91\x84=\xd7\xa0\xc0\xc6N\x98/\x84\x0d\x10\xf4d\
\xab\xa2j\xd7L{\xd6\x8d\xc97\xbf\xe9H>\x0b\x00\
\x85i\xaa\xfa\xc2\xc6\x8f\x8d8\xf22\x0c\xc0\x00\xe4\xf7\
\xd7\x13'\x0a\x86A\xc8\x13\x8a\x96\xe7\xee-l\x03\x8c\
\x8c\x90'\x14M\xd8su\x9e\x87wC\xd8\x13\x9eH\
\xd0\x93\xad\x89/\xe8?\x85<7\xee\xb5\x073\x00\x86\
&vC\xbeq\xe26f\xaa\xbd\x1e\x00\x03p\x15]\
>\x80\x1e\x8b\x8d\xdaB\x9eP\xae\xf7\x93\xae\xbdp\xfe\
\x01FG\xc8\x13\xca&\xec\xb9\x1a\xeb-\xbb#\xec\x09\
O \xe8\xc9V\xa8\x02\xb0u\x9f\x1e\xcc\x04<\x00\x18\
\x10\x13\x0a\x9b\x957\xd2X\x88\x03\xa0\xef\xf2\xfdj\xe6\
\xdd\x15\xfa+\xc2\xd87N\x11\x14\xeb>\xa5d\x91\x15\
`d\x22\xdc%\xe4\x09\xe4L\xc1y\xf1\xa3\xb0\x1c\x1b\
\x95wK\xd8\x13\xd6$\xe8\xc9\xc6Ekq!\xcf\xed\
;\xb5`\x06\xc0\x10D\xdb\xd6#'k\xe3^\xab\x92\
\x06\xc0\x00\x1cD%\x19\xa0gbN\xe9J7\x1e(\
\xda\xf9\xa4k?\x94>\x08\x00c\x12!\xcfS'\x15\
\x08\xbf\x09\xd4\xd1S\xc2\x9e\xb0\x06AO6*^\x1e\
^\x1b\xd5\x9d\xa9\x85=\x01\xe8\xb3\xb8GM\x9d\xa4\xad\
1\xb6\x00\x0cA\x1d\x9bB\x81~Q\xe9\x09\xca\xf6n\
\xd2\xb5\xbao\x00\x8cH\x04f\x84<\x81\xaf]*\x1a\
AOM]\x9b\xb0\x1aAO6\x22\x878\xec\x10\xdb\
\x9b<!\x7f\xeb\x06\x08@O\xe5\xb6 \xcf\x9d\x9c\xad\
9\xb2\xe3\x11\x80\x81x\x1dU\xbe\x81\x1eh\xaa\xfa\x22\
\xa5\xf4\xd2\xb9\x80b}\xd4\xb2\x1d`\x5c\x9a\xaa>\xd6\
q\x11xD.\x1e\xf5\xc2\x00\xd13\x07qm\xca\xba\
\xc0\x92\x04=y\xb2\xa8\xd45\x13\xf2\xdc\xab\xe7n\x80\
\x00\xf4ML\x1a\xbcqb\xb6n\xaa\xba7\x00\x03q\
eQ\x01\xf6/B\x00\x9e\xd3\xa1lg\x93\xae\xbd+\
}\x10\x00\xc6\x22\xde\xb3n\x9cP\xe0\x119Pwc\
-\x81\x1e\x12\xf6\x84\x15\x08z\xf2$\x0b!Om\x9e\
\xf6o~\x03<.} \x00\xe8\x0d-\xe0v#?\
\x03\x5c\x94\xf0A\x01\x18\xbc\x03\xcf\x07\xb0_1\x97\xe7\
\xf7\x10\xca\xf6v\xd2\xb5\xb3\xd2\x07\x01`dn\xe2}\
\x0b\xe019\xd315B\xf4\x90\xb0',I\xd0\x93\
\xb5\xc5\x97\xec\xad\x90g\xaf\xe4\x1b\xe0\x9fZ\xb8\x02\xb0\
o\xd1\x9a\xf5\xc8\x89\xd8\x99\xd7^\x80\x01\x18\x88\xa3\xa6\
\xaa\xcf\x9d,\xd8\x9b\x8b\xe8\x0c\x03\x94\xa9\x9dt\xad\x8d\
\x82\x00#\xd2T\xf5\xd4Z-\xb0\x82SY\x02zJ\
\xd8\x13\x96 \xe8\xc9Z\xe2\xcbufb\xb8\xb7.=\
\xa0\x01\xb0/\xaa\x04\xed\x8d1\x07`(.\xb4p\x87\
\xdd\x8b.0\xaf\x0d=\x14\xeb>\xa5t\xe2\xf4\x03\x8c\
Gl\xb6\xf7|\x07\xacjj^\x86\x9e\x12\xf6\x84\x1f\
\x10\xf4de1)<\xd3\x02\xa0\xf7.c\x17\x1f\x00\
\xec\xda\x85\xe7\x84\xbd\xa8UH\x03` \xb4p\x87\x1d\
\xb3\x19\x0b\xc8\xef\xea\x93\xae\xfd` \x00\xc6\xc1\xf3\x1d\
\xf0\x04y^\xe6\xc6\x00\xd2S\xf3\xb0\xa702<@\
\xd0\x93\x95D\x95\xc8?\x857\x06#\xb7q\xf5\x92\x07\
\xc0\xce\xc4.;\xbb\xc8\xf7\xe7\x22&y\x01\xa0\xef\x8e\
\xa2\xfa\x0c\xb0\x1b\xe7:\xf3@\xd1\xdeM\xbaVQ\x00\
\x80q\xb9\xb1^\x0b<A.\x1cqa\x00\xe9\xa9O\
ad\xeb]\xf0-AO\x96\x16!\xcfK#68\
\xa79\xec\xe9&\x08\xc0\x8eX8\xda\xaf\x03\xe7\x00\x80\
\x01\x99zW\x85\xed\x8b*\x18*\xbfC\xb9r\xcb\xf6\
3\xe7\x1f`<\xa2\xab\xcf\x91S\x0a<\xd1\x1b-\xb2\
\xe9\xb1:*{\x9a;\x84\x05\x82\x9e,%Z\x80\x0b\
y\x0e\xd7\xa9\x9b \x00\xdb\x16\x9bBL0\xee_\xde\
\xe4q\x5c\xfa \x000\x08\xcf\x85\xcf`'.T{\
\x82\xa2\x9dL\xba\xf6\xae\xf4A\x00\x18\x8b\xd8\xc4\xa3\x0a\
\x1f\xb0)\xba\x83\xd2g\xc2\x9e\xf0\x15AO~(Z\
\x7fk\xc1:|n\x82\x00lM\xdc_T\x92\xec\x0f\
\xe7\x02\x80\xa18\xf7\x9e\x0a\xdb\x13A\x80SC\x0c\xc5\
\xfa}\xd2\xb53\xa7\x1f`T\xa66\xf1\x00\x1b\xa4\x85\
;}'\xe7\x02\x0b\x04=\xf9\xae\xfcE\x19!O\x93\
\xc1\xe3\x91o\x82\xb7J\xb0\x03\xb0\x05\xaa\x04\xf5K\x1d\
-\x9c\x00\xa0\xef\x0eT\xf5\x84\xadR\x9d\x05\xca\xd5N\
\xba\xd6=\x16`D\x9a\xaa>I)\xbdtN\x81\x0d\
;\x8fM\x82\xd0W\xc2\x9e\x10\x04=yP|A\xce\
\x84<G\xe9y\xdc\x04\x85=\x01\xd8\x88\xb8\xa7\xa8\xfe\
\xdd?\x17^z\x01\x18\x08U=a\x0bb\xa1\xee\xc8\
\xd8B\x91\xeeSJgN=\xc0x\xe8\xa8\x04l\xd1\
\x81M\x82\x0c\x80\xb0'\xc5K\x82\x9e<d!\xe4Y\
\x1b\xa0\xd1:\x88\x9b\xe0q\xe9\x03\x01\xc0F\x98\x00\xe8\
\xa7\x03\x93\xbf\x00\x0c\x84\xaa\x9e\xb0\x1d\xda\xefA\xb9.\
&]{\xeb\xfc\x03\x8c\xcay\x14s\x01\xd8\x86#\xd9\
\x01\x06 g\x98n\x9c(J\xf6\x7f\x9c}\x16EE\
\xae\x1b/\x0aE\xc8\x0bi\x7f6U\xfdj\xd2\xb5\x02\
:\x00\xac%\xda\x83\xdb\x1c\xd2_\xa7MU_M\xba\
vV\xfa@\x00\xd0{\xb9\xaa\xe7t\xd2\xb5wN\x15\
<]T\xf3\xd4\xa9gx\xda\x94\xd2\xd7\xdf\x83\xcb<\
\xcb\xdf>\xf0\xcf\xcd\xbd\x88\x9f\xc7\xe4\x8d\xff_w\xff\
ya\x8ex\xb0\xdeM\xba\xd6\xa6?\x80\x11\x89g;\
\x9b\xe3\x80m\xbbZ\xe2\xdd\x01\xf6\xed(\xd6\xbdt0\
\xa0H\x82\x9e\xfc#B\x9e\xb3\x08\x00R\x8e\xcb\xa6\xaa\
\x93\xb0'\x00\xab\x8a*\xe0\xaa\x04\xf5\xdf\xf4\x81E[\
\x00\xe8\x9byUO\xcf\x16\xb0\x19\x82\x00\xfdp\x1f!\
\xcc\xb4\x10\xd8\xbc[\xf8{\x1f&]\xfba\x08\x1f$\
\xe6\x8e\xe7-\xf2\x16\xc3\xa3\xc7\x0b\x7fO0t\xff\xb4\
l\x07\x18\xa7\x0b\xeb\xb7\xc0\x0e<o\xaa\xfaLn\x80\
\x018\x8d\x8c\x8bw\x1f\x8a#\xe8\xc9'Q\x86\xfb\xc6\
KB\xb1r\xd8\xf3p\xd2\xb5\x16\x01\x00X\xc5\xd4\xb3\
\xc3 \xd4MU\xe7\xb6}\x823\x00\xf4\xdd\x99\xa0'\
l\x8c\xc5\x8e\xdd\x99\x879\xe7U5s\xa0\xf3nl\
m\xb3\x97\xfd<\xb1!\xf0p\xa1J\xe8\xfcOA\xd0\
\xdd8S\x1d\x1b`\x5cTj\x07vl\xdaT\xf5\x8d\
gJ\x06@\xd8\x93\x22\x09z\x92_\x10\xf2\x17\xdf\xa5\
\x91(\xde\xeb<\x11\xebF\x08\xc02b\x93\x88\x09\xc6\
\xe18\x8fV\x16\x83\xa8\x16\x04@\xb1r\xe5\x88\x93I\
\xd7\xde\xb8\x04`}1\xd7gC\xd6v|\x5c\x08u\
\xe6@\xe7\xad\x05\xd0/\xc5x\xcc\xab\x97~\xf3}\xbe\
P\x19\xf4x\xa12\xe8\xd1\x1e\x0fyL~w\x0f\x05\
\x18%\x95\xf5\x80]\xd2q\x85!\x11\xf6\xa48\x82\x9e\
\x85\x13\xf2\xe4+\x9fn\x84\xf9\xe1\xcd$5\x00?0\
5@\x83r\x10\xe7\xec\xa4\xf4\x81\x00\xa0\xf7\xce\x1e\x0a\
\x06\x01+\xf1\xcc\xb79m\x84\x16?\xfd\x98/{\xba\
\x85\xca\xa0\xb3\xc5\x7fYT+{\x11\x01\xd0\xc3\xf8Q\
\x01ty\xad\xc5x\x80\xf1\x89\xcd\xf66D\x8c\xdf\xfb\
\x1f|\xc2\xbb\xd8h\xb4+\xc7?\xf8\xef\xe4M;u\
\xe9'm\xe4r\xe1\x88\xa9\xf7\x1f\x06B\xd8\x93\xa2\x08\
z\x22\xe4\xc9\xd7Ncw\xe0\xcc\xc8\x00\xf0\x90\xa6\xaa\
\xcfM\xe4\x0c\xd2\xcb<9<\xe9Z\xf7x\x00\xfa,\
\xdf\xaf^\xa8B\x0d\xeb\x89\xb6\xd9/\x0d\xdf\xda\xee#\
l\x9e\x9f\x99\xb5+\xdc\xa1\xf8\xde\xff\xb08'\xb9\xd0\
\x06^\xf8\xf3\xc7\xb4l\x07\x18'!\xfe\xe1\xb8_\x08\
c\xdeF8\xf3\xeb\xbfNc\x9d\x9b]xn\x9b\x9b\
o\xe2I\x11\x0c\x9d\xffo\x87\xba\x0f\x0c\x82\xaa\x9e\x0c\
\x8d\xb0'\xc5\x10\xf4\x04\x00`i1a\xe3\xe5~\xb8\
\xae\x16&\xd8\x00\xa0\xafNT\x0f\x87\xb5\xa9\xe6\xb9\xba\
y\xb8\xf3F\xdb\xeb~Yh\x03\xffu\xf8\xf3x!\
\xfc\xa9\xcaYJ\xbf.TJ\x05`$\x9a\xaav\x9f\
\xeb\x9f\xf7\x0b\xd55\xe7\x9bT>\xd8\xa8\xf8\xc5s\xdb\
R\x16\xaa\xb9\xcf\x7f\x0e#\x10\xea\x9a\xef\x0fU=\x19\
\x9a\x1c\xf6\xbc\x9dt\xad9EFM\xd0\x13\x00\x80U\
L\xed\xb8\x1d\xb4\xe7MU_L\xbaVX\x17\x80>\
;\x17\xf4\x84\xb5\x09z.//\xd4_M\xba\xf6j\
(\x07\xcc?!\x82\x9b\xf8\xf9$\xda\xda\xce\x7fJ\x0b\
\x07\xbc\xb7\x90\x090Z\xe7N\xed\xde\xcc\xabs\xce\xe2\
\xcf[a\xce\xcdZ\xa8\xe6\xfe\x8d\x08\x81\x1e~U\xd9\
\xdd\x9a\xc4\xee\xa9\xea\xc9\x10\xfd\xd6T\xf5\x9d\xf7|\xc6\
L\xd0\x13\x00\x80\xa5\xc4\xe2\xd9\xa9\xd1\x1a\xbc\xbc\x13\xf7\
\xca\xe4$\x00=\x967&\x1c\xaaN\x06\xab\xd1\xb6}\
i\xd7y\xb1\xd2\xf3\xf0xD\x0b\xd4\xc5\xaa\x9f\xf3\xd0\
g\x0e>\xd7#\xfe\xe8\xf7\xc2\xdd\x00\xe3\x14A7\xf3\
\xb0\xbb\xf3q\xa1\x8a\xf8\xccs\xe2~-\x84@\x177\
\xf6\xbcX\xd8\xd8\x93\x7f\x9e\x17:<\xbbv&\xe8\xc9\
\x00]F\x1bwaOFI\xd0\x13\x00\x80ey)\
\x1a\x87\x83\xa8\x92fA\x10\x80>;\x89\xca)\xc0\xf2\
\x8e\x8d\xd5\xa3\x04<\x0b\xb1\x10\xfc\xbc\x88\x00\xf4\xc9H\
C\x01gZi\x02\x8c\x96`\xd5\xf6\xb51\xdf=\xb3\
\xc9\xb0\xff\xe2\x19\xfej\xbeF\x11\xc1\xcf\x93\xf8\xd1\xee\
}{\xf2F\xdc3\x819\x06H\xd8\x93\xd1\x12\xf4\x04\
\x00\xe0\x87r\xbbo\xbbdG\xe5e\xaer\x13\x0b\xa0\
\xc0f\xbc_\xac$\xc5h\xbc\x88\x9f\xafi\x1b\xb6}\
'\x167ae\x82\x9e\x0f{\x97\xab\xda\x0bx\x96)\
\x82\x90\x8b\xa1\x80\xc3\x85P\xc0\x90\xab}\xfe>\xe9\xda\
\x9b%\xfe\x7f\xa5y[\xfa\x00\x0cDI\x95\x0a]\x93\
\xfd\xd5\xdb\xf7\xf7\x85M\x0al\xde<\xdcy\xe3\xd9p\
\xd8\xe2\xfc\xe5b\x06\xd3\x85\xdf\x993\xa1\xcf\xad8W\
\x04\x84\x81\x12\xf6d\x94\x04=\x01\x00xT\xec\x8e=\
7J\xa3s\x15mqU\x80\x81\xcd\xc8\x15 \x84\xd2\
\x0a\x14\xedaS\x04\xac\xe6\xc1P\x0b\x0bOW\xe7g\
\x10\x8bo\xb0\x12A\xcf/\xddG\xc5Ca8\xfe\x11\
\x15\xbbn\xa3\xda\xe7\x8b\x85\x16\xef/\x074J\x1fm\
\x86x\x98\xe7\xf1a\x88\xe7\xe7\x22\x82\x9e\xaeI\xd6t\
fc\xe1F\xddGHm\xea\xfdr\x9c\x167\xf6\xc4\
\xf3\xddY\xfc(\x5c\xb1\x19\xb5\xa2\x11\x0c\x98\xb0'\xa3\
#\xe8\x09\x00\xc0\x8fLM.\x8e\xd2\xf3\x08\xf0Zt\
\x00x\x82\x85\x89\xee/&\xbc\xa3b\xd8\xf1\xc2\x8f{\
\xe9\xea\x8eU\x8d\x80\xe5D\x15\x9b!W'\xdc\xb4\x5c\
i\xfb\xc4\xa6&\x1e\xb3\xd8\x02t\xa1\x12\xd4\x10B\x9f\
\xaem\x80q\xb3\xe1~3\xe6\x1b#n\xdc7\xcb\x11\
\xcfw\x17\xb1\xa9\xe7,~\x9f\xbc'=\xdd\x99NF\
\x0c\x98\xb0'\xa3\xf2\x93\xd3\x09\x00\xc0\xf7D\x95\x85!\
U6a5ob\x973\x00\x1b\x96+\x86M\xba6\
W\x0c\xc9a\x8c\x1c\x1e\xf9%\xa5t\x1d\xd5DX\x8e\
v\x85\xb0<\xd5<\xffu=\xe9\xdac\x0b\xfa\xac\x22\
_/y\xe1/\xdf\xb7SJUJ\xe9U\xb4\xfd\xef\
\x9b\xb7Q\x95\x14\x80\x11\x8a\xb9XU\x08\x9f&\x07<\
_M\xba\xf6E\xdc\xdb=\x13\x16*\xce\x7f\xde\x84\xfb\
sl\x04c}\xa7\xb11\x0a\x86j\x1a\x9b\xf2a\xf0\
\x04=\x01\x00x\x8c\x1dn\xe3\xe7\x1c\x03\xec@n\x1d\
<\xe9\xda\xb3h\xed\xfe*\x16\x9fx\x9c\xe0\x1a,\xcf\
\x82\xc5g\xaf\xe2\xbb\x16\xd6\xf6\x9d\xd0g\x1f\xc2\x01\xef\
\xb5\x81\x06\x18=\xcf1\xeb\xbb\x8f\x0d\x11/Tmc\
Q\xee\xc4\x927\x82\x99\x8by2\xdfO\x0cY\xee\xb4\
4\x13\xf6d\x0c\x04=\x01\x00xPS\xd5\x17v\x90\
\x17\xe1\xa8\xa9j\x15\xd3\x00vd!<\x22\xf0\xf9c\
\x07&`ai\x82\xd1\x9f\x17\xf6-\xea\xb3Q\x0b\xf7\
\xed\xfc;\xf6\x7fSJ\xbf\xee\xe9\xde}oq\x1d`\
\xdc\xa2Z\xde\xa9\xd3\xbc\x96\x5c\x85\xfb\x85\x0d\x11<&\
\xde\x15\xf2\x1c\xc3[\x03\xb5\x16\xcf\xa2\x0c\x9d\xb0'\xa3\
 \xe8\x09\x00\xc07\xa2\x9d\xf7\xb9\x91)\xc6T\xeb\x15\
\x80\xdd[\x08|\xbe\xd5\xd2\xfd\xbb\x84\xd7`9/\x0a\
\x1f\xa7k\x0b\xfbl\xdb\xa4k?L\xbav\x1a\xf7\xee\
\xff\xe6\xebn\x87\xf7\xef\xb3\xfc\xdfw\x92\x01F\xcdF\
\xec\xd5\xe5\xfb\xf0/\xb9\x0a\xb7\x16\xed,#6\xf1\x5c\
\xc4\xb3\x5ck\xd0VR\x0b\xc81\x02\xc2\x9e\x0c\x9e\xa0\
'\x00\x00\x0f\xb9\x8a\x17\x1e\xca\xf0\x5c\xb0\x17`\x7fb\
\x91\xe1\xd8\x22\xc3\x83L\xbc\xc2rJ\xae\xc4\xff\xd1\xb3\
,\xbb6\xe9\xda\xdbI\xd7\x9eE\xc8z\xdb\xad\xdds\
\x90\xf9\xc6I\x06\x18=\xd5\xf2V\xf3>\xaax\xbaG\
\xb2\xb2x\x96\xcb\xf3\x0d\xbf\x1b\xbd\x95\xf8\x9eb\x0c\x84\
=\x194AO\x00\x00\xbe\x10m\xbc\x8f\x8cJq\xde\
D%W\x00\xf6 /2D\xd8\xf3\xda\xf8\x7fAE\
O\xf8\x81\xa6\xaaK\xff=9S\xc1\x89}y\xa0\xb5\
\xfb\xef\x1b\xae\xf2)\xc8\x0cP\x80\x98\x933\x1f\xbb\xbc\
\xb7\xf9\xde\xeb\x19\x90\xa7\x9atm~\xce\xfaE\x97\x95\
\xa5\xa9<\xccX\x08{2X\x82\x9e\x00\x00\xfc#\xda\
wO\x8dH\xb1\xaeJ\x1f\x00\x80}\x8a\xb0\xc8\x99\xb0\
\xe7\x17\x9e\xc7\xf3\x09\xc0C\xdeO\xbavfd\xe8\x83\
h\xed~>\xe9\xdag\x1b\xac\xf2)\xc8\x0cP\x06\xe1\
\xa9\xe5\xbd\x8a\xae\x18\xb0\x11Q\x15\xf686\xd8\xf0\xb8\
\xe7\x82q\x8c\xc8<\xec\xa9\x00\x0a\x83\x22\xe8\x09\x00\xc0\
\xa2\xf3\xc2\xdb>\x96\xee(*\xba\x02\xb0G\xc2\x9e\xdf\
\xb0\x88\x00\x8f+\xb9\xa2\xa7E~zi\xa1\xca\xe7\x7f\
\x9fpO\x7f+\xc8\x0cP\x0c\xed\x90\x7f,W\x5c\xfc\
9\xdfc\xfb~\xa0\x0cOtY\xc9s\x0f\xad\xd3\xf7\
C\xbe\xaf\x18\x93\x1c\xf6\xbc\xb1\xc9\x9c!\x11\xf4\x04\x00\
\xe0\x93\xd8\xb5\xf6\xc6h\x14o\xea\xa5\x16`\xff\x22\xec\
i\x81\xe13AO\xe0!\x1f\x85\xe0\xe8\xbb\x1c\x1a\x88\
{z\x95\x83\x9b+T\x8ajU+\x03(C\xcc\xc9\
\xd6N\xf7\xa3r\xc8\xf3\xd8\xb3\x1f\xdb\x14U\xd4\x8f\xcd\
\xc5\xfc\x90B\x11\x8cM\x1d\x95=\xad\x8b1\x08\x82\x9e\
\x00\x00\xcc\xd9\x0dM\x8a\x8a\xae\x16\x14\x01\xfa\xe1$\x16\
\xb4J\xa7\x85\x12<\xae\xd40\xf4M\x0f\x8e\x01\x96\x92\
\x83\x039\xb89\xe9\xda\x17\xd1\xd6\xfd\xb1\x00\xc1\xbd\x05\
t\x80\xa2\xf8\xce\xff\xb1\xe3\xa8\xb8\x08[%\xec\xb9\x14\
\xed\xdb\x19#aO\x06C\xd0\x13\x00\x80\x14\xed\xba\x8f\
\x8c\xc4\xa7\x96zZ\xe5\xa6\xf4\xdad\x0d\xc0\xfeM\xba\
\xf6\x83\xf0\xfd'\xeeI\xf0\xb8R\x17\x22Ttb\x90\
\xa2\xad{\xbe\xb7\xfd\x9cRz\xf7\xc0g8\x8fg\x00\
\x00\xcap\xec<?\xea\x95\x90'\xbb$\xec\xb9\x14\x01\
u\xc6H\xd8\x93A\x10\xf4\x04\x00(\x5c\xbc\xb4LK\
\x1f\x87\xa8\x9ar\x11?\xaa\xa7\xb9&\x00za\xd2\xb5\
S\x8b\x0b\x82\x9e\xc0\x83\x04\xe1\x18\xb4\xdc~v\xd2\xb5\
y\x91\xfc\xff.l8|\x97\x83\xa0\xce,@\x19b\
^\xf6\xa5\xd3\xfd]\xbf\xba/\xb2\x0f\x11\xf6<\xb3N\
\xf0]\x82\x9e\x8c\x95\xb0'\xbd'\xe8\x09\x00\xc0E\xb4\
\xeb.\xdd4WM\x89\xca)B\x8e)\x1d5U}\
\xd6\x83\xe3\x00@U\xcf\x83\x1e\x1c\x03\xd03*;1\
\x16\xf1\x1ez\x16\x81O\xef`\x00eQ\xcd\xf3\xfb\xde\
\xc5\xc6G\xd8\x8bx\xdf\x10h|X\xddT\xf5\x8b>\
\x1e\x18l\x80\xb0'\xbd&\xe8\x09\x00P\xb0h\xcf\xfd\
\xda5\x90>~\x15\xee\x9c\xc6\xdf+\xdd\xd4\xcb,\xc0\
\xfeM\xba\xf6\xa6\xf4\xfbR<\xb3\x00\x0f\xf3\xfb\x01#\
\x10\x81\xcf;\xe7\x12\xa0(Bd\x0f\xfbh\xf3\x03}\
\x90+\xb0\xa7\x94\xde:\x19\x0f\x12Tg\xccr\xd8\xf3\
\xc6\x19\xa6\x8f\x04=\x01\x00\xcafW\xf4g\xe7\x8b\x0b\
j\xf1\xd7\xe7{>\xa6>8PE\x0e\xa07J\xbf\
g\xdbx\x00\xdf\xa7\xea-\x00\xc00\x09J=\xec\xcc\
\xe6\x07\xfab\xd2\xb5y~\xfc\xbd\x13\xf2\x0d\xdf_\x8c\
]\xeezw\xe5,\xd37\x82\x9e\x00\x00\x85\x8a\xb6\xdc\
G\xce\x7fz\x1f\x95\xd2\xbe\x10\x7f\xcf\x04NJ\xafU\
Q\x03\xe8\x85\xd2w\x91k\x09\x06\x00\x00\x8cF\xb4=\
~\xee\x8c~\xe3mTQ\x84>\xc9k)\xf7\xce\xc8\
\x17T$\xa6\x04\xa7\xc2\x9e\xf4\x8d\xa0'\x00@\x81\xa2\
\x1dw\xe9\x95\xc1\xe6\x1e\xab\xdc\xa9\xaa\xe7g\xae\x15\x80\
=\xcb\xed\x5cSJm\xc1\xe7A\xd0\x13\xf8B\xbc\xd3\
\x00\x00\x0c\x95jx\xdf\xfah\x1e\x92>\x8a9\x19\x9d\
\xaf\xbet\xa0@\x04\x85\x10\xf6\xa4W\x04=\x01\x00\xca\
t\xa1\xc5\xe3'\xbfO\xba\xf6\xf6{\xffc\xfco\xd7\
\xbb=\xa4^:\x8a\x0a\xb0\x00\xec\x97\xaa&\x00\xff\xb2\
\xa8\x08\x00\x0c\x99\xa0\xe7\xb7\xce\xb5l\xa7\xaf&];\
-|\x03\xeeC|\x8fQ\x0aaOzC\xd0\x13\x00\
\xa00\xb1\xcb\xf2\xb5\xf3\xfe\xa9\xd5\xca2\xbbp\xcf\xb5\
e\xf9d\xaaj\x12\xc0\xde\x95\x1c\xf4\x14\xe8\x02\xbe\xe6\
\xd9\x14\x00\x182\x01\xa9/\xbd\x9ft\xedM\x9f\x0e\x08\
\x1e\xa0\x03\xd8\x97|\x8fQ\x12aOzA\xd0\x13\x00\
\xa0<\xda\xdf|v\xb1\xcc\x0e\xf1\xf8\xffh\xcb\xf2\xb9\
\x02\xack\x07`\xbf\xbe[\x85\xba\x00\x02]\xc0\xd7\x04\
\xc0\x01\x80Aj\xaa\xfaEJ\xe9\xb9\xb3\xf7\x05\xf3\xaf\
\xf4\xde\xa4k\xf3\x06\xdc\xf7\xce\xd4?\x04=\x87\xadU\
\xa5ve\xc2\x9e\xec\x9d\xa0'\x00@A\x9a\xaa\xce;\
N\x8f\x9c\xf3\xf41Z\xad,%\xfe\xbf\x1f\xf7{\xc8\
\xbd\x90_bM\xde\x00\xec\xc9\xa4k?\x18{\xe0\x01\
\xa5>\xa7z.\x05\x00\x86\xcas\xcc\x97\xae#@\x07\
Cp\xe6,\xfd\xe3 \x82\xeb\x0c\xd3]\xdc\x8ft\xb4\
[\xcdi\xac\xb5\xc2^\x08z\x02\x00\x14\x22\xdan\xdb\
\x19\xfd\xd9:\x931&p>S\xd5\x13`\xbf\xec\xb4\
\x07\xbeVj\x08\xfc(\xdeq\x00\x00\x86Fe\xf2/\
\xa9\x8e\xc6`\xc4&\xdcw\xce\xd8?\x04\xd7\x07,:\
\xda\x09{\xae\xee\xb7\xa6\xaa\xad\x19\xb2\x17\x82\x9e\x00\x00\
\xe5\x98F\xfb\xed\xd2\xbd[g\x87x\xfc3&pR\
\xaa\xedV\x04\xd8\xab;\xc3\x0f\xf0\x8f\x13C\x01\x00\x0c\
\x90\xa0\xe7\xbf\xde\xab\xe6\xc9\x00)\x86\xf0/\xdfg\x03\
7\xe9\xda[a\xcf\xb5\x5c\x0a{\xb2\x0f\x82\x9e\x00\x00\
\x05\x88v\xdb\xa7\xce\xf5'O\x09)\x0a8~v\xa1\
z\x12\xc0\xde\x94\x1a\xf4\xd4\x0a\x0cx\x88\xe7s\x00`\
\x88\x8e\x9c\xb5\x7f\x08\xcc18\x11N~\xef\xcc}\x22\
\xe89\x02\xc2\x9ek\x13\xf6d\xe7\x04=\x01\x00\xca`\
\xc2\xec\xb3\xb7\xd1Ze-\xf1\xcf\xbe\xdd\xf3g\xe8\x83\
\x03\xd7\x14\xc0\xde\xdc\x16:\xf4\xcf{p\x0c\xd0W%\
W\xfa\xcd\xd5\xe6U\xf5\x04\x00\x06#6\xe4\xf3\xd9\xc7\
I\xd7\xde\x18\x0b\x06\xea\xca\x89\xfbDp}$\x84=\
\xd7&\xec\xc9N\x09z\x02\x00\x8c\x5c\xb4\xd9\xae\x9d\xe7\
\xf4qC\xe1\xc4\xa9\x17\xddONML\x03\x00\xf4B\
\xa9\x01\xf0\xb9\xa9j\xf3\x00\xc0\x80\xa8~\xf7/A9\
\x06k\xd2\xb5W\xd6\x09>k\xaa\xda\xf7\xdaH\x08{\
\xaeM\xd8\x93\x9d\x11\xf4\x04\x00\x18\xb1X\xf0\xbcp\x8e\
?\xb9\x98t\xed\x93\xab\x1d\xc5\xbfC\x8b\xc8\xcfT\xf5\
\x04\x00`\xdf\x9e{.\x05\x00\x06\xe4\x85\x93\xf5\x0fA\
O\x86\xce5\xfc\x99\xa0\xe7\x88\x08{\xaeM\xd8\x93\x9d\
\x10\xf4\x04\x00\x18\xb7i\xb4\xd9.\xdd\xfb\xd8a\xbb\x11\
\xf1\xefz_\xfa\xa0F\xabL\xa1W\x00\x80\xfd*\xbd\
\xa2g\x8aj\xf3\x9eK\x01\x80!\x10\x88\xfa\xec\xdd\xa4\
k?\xf4\xe1@\xe0\x09\x04=?\xf3\xbd62\xc2\x9e\
k\x9b\xaap\xcb\xb6\x09z\x02\x00\x8cT\xb4\xd5>u\
~?\xd9FUS\x95R?\xbb\xd0*\x13\x00`\xaf\
\x9e\x5c\xb5~$~\x13\xf6\x04\x00\x06\xe0\xc8I\xfa\xe4\
\xa6\x07\xc7\x00O\x12a\xb8\xd6(\x0az\x8e\xd1B\xd8\
\x93\xe5\xe5\xc2;3aO\xb6I\xd0\x13\x00`\xbc\xec\
&\xfd\xecz\xd2\xb5\xb3M\xffK\xe3\xdfy\xbd\xe9\x7f\
\xef\x00\x1d\xb8\xd6\x00\xd8\x81\x8f\x06\x19\xbeKE\xcf\x7f\
\xe5\xb0\xe7\x95\x8dH\x00@\x1f5U\xadm\xfb\xbf\x04\
=\x19\x0bs\xe3\x82\x9e\xa3\x15a\xcfW\xa5\x8f\xc3\x8a\
\x84=\xd9*AO\x00\x80\x11j\xaa:W\x9b|\xee\
\xdc~j+\xb1\xcd\xaa>\x17ZW|\xf22*\xc8\
\x02\xc0\xb6h\xe9\x07\xdf1\xe9Z\x15=\xbf\x94\xbb\x1a\
\xdcz>\x05\x00zH\xd0\xf3\xb3\xd63,#\xb2\xf1\
\x22\x13\x03t`\xb3\xddxM\xba\xf6J\xd8se\xc2\
\x9el\x8d\xa0'\x00\xc0\xc8\xc4\xcep-\x0b?\x9bn\
s\xd2p\xd2\xb59t2\xdd\xd6\xbf\x7f`\xec\x5c\x06\
\xd8\x0d\x13\xe7\xc0C\xde\x1b\x95/\xe4Mo\x7f6U\
}\xa3r\x16\x00\xd0#6\xa2|f\x1e\x91\xd1\x88\x8a\
\x87\xba\x90\xa8\xea9j\xc2\x9ek\x11\xf6d+\x04=\
\x01\x00\xc6g\x1a/\x10\xa5\xfb8\xe9\xda\x8bm\x8fA\
\xfc7L\xe4\xa4\xf4<*\xc9\x02\xb0]&\x07\x81\x87\
\xa8z\xfb\xb0\x97)\xa5\xffE;w\xc1\x0a\x00`\xdf\
l@\xf9L\x05D\xfe\x7f\xf6\xee'+\x8e#\xdb\x03\
p>\x1f\xcfQ\xae\x00z\x05\x89G5\x84^\x81\xe8\
\x81\x06\xd2Dx\x05\xe0\x15\x08\xad\xc0\xa5\x15\x18M\xba\
\x07=0Z\x81a\x98\xa3\xa6V\xd0b\x05%V\xd0\
\xef\x04\xba\x05\x09\x14\xa2\xaa\xa8?\x91\x99\xdfwN\x1d\
\xf9\xd9\xaf\xed$\x92\xaa\x8a\x8c\xf8\xc5\xbd]s\xe6\x96\
Z\xaf\xea:a\xcf\x85\x08{\xb2t\x82\x9e\x00\x00\x1d\
\x12\x9b\x97\xaf\xdd\xd3\x1b\x87k\xfco\xa9\xa0\xfa\xdd\xb1\
\x8aI\x00\x00\x1bqi\xd8\x7f\xe8}T\xf8\xfc\x9a\x0e\
'\x99\xb3\x02\x00\x1bb\x0eR\x14\xd7Q\x01\x11\xbaD\
xY\x07\x9a^\x10\xf6\x5c\xc8$\xeci\x0e\xc0R\x08\
z\x02\x00t\x8b\xb67\xdf]\x0c\xc6\xa3\xb5-\xae\x0c\
\xc6\xa33\xed2olie\x0f\xb0r}]\x14\xb4\
\x11\x08?\xe6=2\x9b\xd4\xd2\xfdCT\xf9L\xa1\xcf\
a]V\x07uY\xd9\x94\x04\x00\xd6AE/\x818\
\xba\xc9\xefuQ\xe8\xa0\xd0\x13\xc2\x9e\x0bI{gg\
\xd6\x1eX\x06AO\x00\x80\x8e\x88\xb6\xd9\xdb\xee\xe7\x8d\
uV\xf3\x9cP\xd5\xf3\xbb\xd7\xdab\x02\xacT_\xbf\
\xeb\xbfep\x0d\x90\xadu\x1er\xea\x90\xf4yzT\
\x14\xc5\x9fEQ\x8c\xeb\xb2\xba\x8c\x16\xef\xa9J\xfd\xbe\
\x0d\x18\x00`\x05\xb6\x0c\xaa@\x1c\xdd3\x18\x8f\xd2\x9a\
\xc5\xa8\xe7\xb7\xd6\xf3S\x8f\x08{.\xa4\x8a\xca\x9e\xde\
+\xbc\xc8\xcf\x86\x0f\x00\xa0\xfd\xa2\xe4\xbf\xa0\xe1w\x9f\
\x06\xe3\xd1\xd7u\xffGS\xcb\xa1\xba\xac>\xc5fq\
\xdf\x9djE\x05\xb0|\x82\xf4\xc03R\x85\xf9=\x83\
\xb4\xb0*^\xef'\xff\x82\xba\xac\xae\xa3Z\xea\xd7x\
}\x9bTO\x15\xae\x05\x00\xe6\xe1y\xee\x969\x14]\
u\x1e\xcf\x13}\xd5\xe7\x9f\xbd\x97R\xd83B\x8b\xbf\
\xf7},\xe60\x09{\xeeG@\x1c\xe6&\xe8\x09\x00\
\xd0\x0dC'\xc2o\xa4\x8d\xd8\x93\x0d\xfe\xf7O\xa2\x9a\
h\xdf\xef\xc5v\xaa0;\x18\x8f6y/\x00\xba\xa8\
\xcfm\xfel\x06\xc2\xf3.\x05=\x97n+\xc6\xf4\xd1\
\xb8\xd6\xe5\xbd}\xcc\x8b\x07\xff\xf8\xa9\xcf\xacK\x15\x8a\
\x1f\x13\x9a\x05\x80\xfeH\x87\xe5\xddn:\xea\xbc\xefE\
 RA\x92M\x14\xe1`s\x06\xe3\xd1\xb0.\xab\xdd\
\xe6\x81I\x9e%\xec\xc9\x8b\x08z\x02\x00\xb4\x5c]V\
\x07\xa9]\xb6\xfbx\xe3x\x93\x0fF\xe9\xbf\x1d-\xf4\
\x9d`,\x8a\xd4\xf2\xf2\xd4\xc2\x0e\xc0R\xf59\xe8\x09\
<\xaf\xf7\x1b\x8b\x1b\xf40\x08*p;\x87\x07\xa1\xd9\
\xa6\xab\xa8\xa4:q[Q5|m\xfc\xf3\xaf\x9e=\
\x00\xc8\x9c\x8a\x9e\x8f\x0f\xc7@\x97\x081\x7f\xef\xf2e\
N\xde3\x83\xf1\xe80\x9e\xe9\x84=g'\xec\xc9\xc2\
\x04=\x01\x00Z,\xda\x22\x0c\xdd\xc3\x1b\xa3\xd4*b\
\xd3\x17\x11'\x18S\x1b\xfd\xedM_\xcb\x86mE\x0b\
w\x8b\xd8\x00\xcbs\xd0\xe3\xb1\xb4a\x02\xcf\x18\x8cG\
g?\x08\xccA\x1bmOy\xaez\xf2\x90c\xe3\xf7\
\x7f\x12\x22y\xd8r\xff\x9b*b\x00\xb0Q\xbe\x87\xe9\
\xact\xe8\xa8.\xab\xeb\x9ew\xfbz\x95\xc15\xb0\x01\
\xc2\x9e\x0b\x11\xf6d!\x82\x9e\x00\x00\xed&Px\xe7\
8\x97\x0b\x89\xf6\xed\x7fep\x1d\x9b\xb6\x97*\xce\xa6\
\xd0A\xbf\x87\x01\xe0\xe5\xa2\x0dRo7\x0b,x\xc2\
\xcc\xbe\xa8\xf6\x0f\xb7\x15U\x9fj\xb9\x7f\x1dA\x93I\
\x10\xf42*\x82\x0a\x9f\x00\xb0J\x0eC\x0bz\xd2}\
\x97=\xaf\xee\x9f\xd6\xae\xec\x05\xf4\x94\xb0\xe7B\xaax\
\xcf\x98#03AO\x00\x80\x96\xaa\xcb*\xb5\xc1\xf8\
\xe0\xfe\xdd\xf8<\x18\x8f\xce3\xb8\x8e\x1b\xe9Z\xea\xb2\
\xb2\xc9\xfe]\xaapz.\xa0\x03\xf0b9\x1dhX\
7\xed\xfd`v\xe7\xe6\xa0\xf0\xac\xad\xd8\x80\xbf\xb7\x09\
\x1f\x9b\x92\xa3F\xf8\xf3\xe6\xa5%<\x00,\x8d\xa0'\
]w\xde\xf3\xa0'='\xec\xb9\x90T0\xe54\x8d\
]\x0b\xaf\x9d\x0d\x10\xf4\x04\x00h\xaf\x8d\xb7)\xcfD\
\xaa\xc6r\x92\xe1u\x1d\xdbd\xbf\xb1\x1dc\x91\xe3=\
\x02h\x85\xba\xac^\xf5\xbcm\xbb\x80\x0d\xcc.U\x82\
\xf8\xddx\xc1\xc2\xaax\xdd>\xcbE\x0b\xce\xcb\xd8\xb8\
\x17\xfe\x04`Q\xbb}\x1f9\xd5\xb3\xe9\x81\xbe\xcf\x11\
U%D\xd8s1\xef\xd3\x98\x09{2\x8b\x9f\x8c\x12\
\x00@\xfb\xa4v\xd8N\x86\xde\x1a\xe6\xb8\xc9\x16\xd7\xf4\
1\x83K\xc9\xc1\x87\xa8@\x0b\xc0b\x8e\xfb\xdc\xb6\xdd\
F\x09\xcc.\xe6\xa0\xaa\xe0\xc2rM*\x80\xa6\x8e\x1a\
\x7f\x16E\xf1\xdf\xba\xac\xbe\xd6euV\x97\xd5q]\
V\xbd\x0f\xee\x000\x93>?\xd3%W\x19\x5c\x03\xac\
\x9a\xf5\x0b\x88\xb0g\xea\xc4g,\xe6\x92\xc2\x9e\x0a\xfc\
\xf0,AO\x00\x80\x96\x89\xaa^C\xf7\xed\xc6U\xe6\
c1\x8c\x8a\xa3\xa8@\x0b\xb0\x90\xf8\xde\xefs\xdb\xf6\
\x22*\xa8\x01\xb33\xef\x82\xd5\xdb\x8e\xaa\x9f\xa9\x82\xee\
\x7f\xea\xb2\xfa\xd6\x08~:\xe4\x06\xc0=\xf1\x5c\xd7w\
\x02pt\xde`<\xea\xfb\xfa\x85\x03P\xdc\x8a\xb0\xe7\
\x17#2\x17aO\x9e%\xe8\x09\x00\xd0>\xc7\xb1\xa9\
DQ\x1c\x0f\xc6\xa3o\xb9\x8eC\x5c[\xdf\xc39\x13\
{Q\x89\x16\x80\xf9\x9c\xa8\xfcRh\xef\x07\xf39s\
\xd8\x08\xd6n\xab\x11\xfc\x9cT\xfc\x1cz\x06\x02 \x08\
?9\xc0G\x7f\xf4\xf9Y\xac\xef\xebW<\x96\xc2\x9e\
#\xe32\x17aO~H\xd0\x13\x00\xa0E\xa2%\xdc\
\x07\xf7\xec\xc6\xc5`<:\xcb\xe0:~h0\x1e\x9d\
j\x9fyk\xa8\x82\x01\xc0\xec\xea\xb2\xda/\x8a\xe2\xa8\
\xe7Cv\x95\xf3\xa1\x0e\xc8Q\xbcg\xb2\x9f'C\xc7\
m\xc7w\xf8\x9f\x8dj\x9f\x87\x9e\x87\x00\x00:\xcfa\
U\x08\xb1>\xb1/\xec97aO\x9e$\xe8\x09\x00\
\xd0.Z\xb6\xdfiS\xa5\xcc\x93\x0c\xae!\x07\xdb*\
\x9c\x02\xcc&\x82 \x82Z\xaa\xbe\xc0\xa2<7@>\
&\xd5>\xff(\x8ab,\xf4\x09\xd0K;n\xbbg\
;z\xe3k\x9fou\x14+\xa4\x81:\xcd\x00\x00 \
\x00IDAT\x81[\xc2\x9e\x0bKaO\xfbi<\
\x22\xe8\x09\x00\xd0\x12i#(\xb5\xbfv\xbfn|\x1a\
\x8cG\xad9\x19;\x18\x8f\xd2B\xe6\xe7\x0c.%\x07\
\x1f\xea\xb2\xb2\xb8\x0d\xf0\x03\x11\xfc8\xd7\xf2\xea\x86\xcd\
@X@\xcc\x95U\x95\x87<MB\x9f\xa9\xbd\xfbi\
T\xf0\x06\xa0\xdb\xac\x85A\x7f\xf4:\xe8Y\x14\x85\xc3\
L<\x22\xec\xb9\xb0\xdfco\x18n\x09z\x02\x00\xb4\
@\x04>T\xe5\xf9\xee\xba\xa5\x152O\xe2\xda)\x0a\
-'\x00\x9e\xd0\x08yV\xc6\xe8\x86\xa0',NU\
y\xc8[:\xd0\xf1\xbe(\x8a\xbf\xea\xb2J\xa1\xcf\x13\
U>\x01\xe8\xaa8\x08\x0f}\xd0\xf7\xa0'L%\xec\
\xb9\xb0?\x84=i\x12\xf4\x04\x00h\x87\x13U\xbdn\
\x9d\xc4\x03a\xab\x0c\xc6\xa3\xaf\xc2\xba\xb7\xf6<\x98\x02\
<\x16\x15\x8f\x85<\xef\x5c\xc5\xf7'\xb0\x80\xd8L\xbf\
2v\xd0\x0a\xdb\xa9\xfbA\xb4vW\xe5\x13\x00\xa0\xbd\
\xfa\xbe\x8e\xa1\x821O\x12\xf6\x5c\x98\xb0'\xb7\x04=\
\x01\x002W\x97\xd5nQ\x14G\xee\xd3\x8d\x14\xf8h\
mXr0\x1e\x9d\xd8l\xbf5T\xad\x06\xe0N]\
V\x07EQ\x5c\x0ay\xde\xa3\xe2\x0b\xbc\xdc\xb11\x84\
\xd6\x99T\xf9<\xb7\x99\x07\xd0\x19}\x0f\xf0\x0b\xf4@\
\x7f\x08z\xf2C\xc2\x9e\x0b\x13\xf6\xe4\x86\xa0'\x00@\
\xfeT\x81\xbc\xd3\x85\x87\x18\x9b\xed\xdfmi'\x0a\xf0\
\xbdU{]VgEQ\xfc\xa9z\xf7#g\x99]\
\x0f\xb4\xce`<J\xef\xa3\x0bw\x0eZi/6\xf3\
\xbe\xda\xd0\x03\xa0\xe5Z\xd7\x9d\x09\x16\x15\x9d\x15\x80\x1f\
h\x84=\x15F\x99\x8f\xb0'\x82\x9e\x00\x009\x8b\x09\
\xfb\x9e\x9bt\xe3K\x17\x16Il\xb6\xdfs\x14\x15k\
\x01z'\x02\x9e'\xd1\xd2\xeb\xb5\xdf\x80G\xae\xe3;\
\x13x9\x87k\xa0\xdd\xb6\x05>\x01\x00\x80.\x89\xb0\
g\xeapt\xed\xc6\xceE\xd8\xb3\xe7\x04=\x01\x002\
\x15m\xadU\xf3\xbc\xd3\xa5J\x98\xaaz\xde\xf1;\x0e\
\xf4J]V;\x8d\x80\xe7\x07U<\x9f\xa4\x02\x06,\
I\x1c\x96\xfab<\xa1\xf5\x9a\x81\xcf\x03\xb7\x13\x80\x16\
\xf1|\x07\xfd\xa1u;3\x1b\x8cG\x97Q\xd9S\xd8\
s>CET\xfaK\xd0\x13\x00 _C\xe1\x8f[\
\x1f\x07\xe3\xd1\xd7L\xae\xe5\xc5\xe2\xe1\xf5S\xcb\x7f\x8c\
e\xd9s\xfa\x10\xe8\xba\xa8\xdey\x18-\xda\xff+\xe0\
9\x13\xd5<a\xb9\x8em\x9c@g\xa4\xc0\xe7\x9fu\
Y\x9d\xdb\xdc\x03h\x0d\x1d\x9b\xa0_\xfa\xdc\xd1K\xd0\
\x93\xb9\x08{.$\xad+{\x1e\xec)AO\x00\x80\
\x0c\xd5e\x95\x1ej\xde\xbb77\xae;Z\xf5\xf1\xc4\
\x83\xeb\xadaT\xb0\x05\xe8\x84\x08v\xee\xa7\xca\x9du\
Y\xa5\xc5\xcaq\xaa\xc0\xa5E\xfb\xccR\xdb\xf6\xd3\x96\
\x5c+\xb4B\x1c\x9a\xd2\xc2\x1d\xba%\x85\x86\xfeS\x97\
\x95\xe7)\x00\x00\xa0\xb5\x84=\x17\x22\xec\xd9S\x82\x9e\
\x00\x00y\xd2\xce\xfa\xce\xf1`<\xfa\x96\xcb\xc5,K\
\xfcL6\xdb\xbf\xdb2\x16@\x1bE\x1b\xf6\xfd\xa8\xd6\
\x99B\x9dg\x8d`\xe7_Q\xb9\xb3rs\xe7\xa6\x9a\
'\xac\xc0`<\x1a\xf6\xbc\xb2\x0ct\xd5QQ\x14\xda\
\xb9\x03\x90\xb3\xce\xad\xed\x02\xb0\x5c\xc2\x9e\x0b\x11\xf6\xec\
\xa1\x9f\xfb>\x00\x00\x00\xb9\xa9\xcb\xeaX(\xe4\xd6E\
\x97+z\xa5\xcd\xf6\xb8\xdf\xdb\x19\x5c\xce\xa6\x1d\xd5e\
u\x1a\x0f\xf3\xd0F\x87Q\x8d\x99\xee{\xe5{z\xe5\
\x1cx\x81\xd59,\x8a\xe226\x03\x80\xee\xd8\x8av\
\xee_\xd2\xfb\xbc\x8b\x87%\x01h5\xeb}\xf4\x8d\xb9\
\x18, \xed\x0f\xc5\x1a\xfb\xb9u\x8b\x99M\xc2\x9e\xfb\
\xf6\xd7\xfaA\xd0\x13\x00 #\xd1nMe\xc3;}\
\x18\x8b\xc3\xa8\xfaFQ\xa4P\xaf\x93\x87\xb4\xd5\xb6\xd0\
6,\xc5\xc8\xa2$\xacNj\xe1\x1e\x07\x8d\xfe0\xcc\
\xd0I\xaf\xa3\xbag\x0a{\xaa\x90\x0d\x00\xb0\x19\x971\
/\x03\xe6$\xec\xb9\x10a\xcf\x1e\xd1\xba\x1d\x00 /\
C\x0f.\xb7>\x0f\xc6\xa3\xf3L\xaeee\xe2g\xfc\
\xd2\xd1\x1fo^U\x04\x0f\x00\xe8/\xd5<a\xc5\xa2\
b\xfeg\xe3\x0c\x9d5\xa9\xeey\x1a\x87I\x01\x00`\
]\xf6\x8c4/\xa5\x8d\xfbB&a\xcf\x9d\x16^;\
s\x10\xf4\x04\x00\xc8D\x9cP{\xef~\xdcH\x0fo\
}\x0a\xfc\x097\xde9\xb1\x19\x09\xd0[\xd7\x11@\x03\
V/\xcd?G\xc6\x19:\xed}l\xf4\xe9\x9a\x00\xb0\
A>\x87\x01`~\x11\xf6\xb4w6\x9f\x14\xf6<\xb3\
\xc7\xd6m\x82\x9e\x00\x00\xf9P\xc1\xea\xcep0\x1e}\
\xcb\xe5bV-\xb5\xd0,\x8a\xe2c\xb7\x7f\xca\x99m\
y/\x00\xf4\x96\xcf\x7fX\x93\x98k\x1f\xa8\x8e\x01\x9d\
WE\xd8\xf3\xc0\xad\x06\xd8\x18a\x0b\x00X@\x1c\x08\
\xff\xd5\xd8\xcde\xf2\x0ch\xfe\xd1Q\x82\x9e\x00\x00\x19\
\xa8\xcb\xea$&\xdf\x14\xc5\xd5`<:\xe9\xe18\x0c\
m\xb4\xdfz\x1f\x15n\x01\xe8\x8fkAOX\xaf8\
l\xa4\x15\x1at\xdf\xa4\x95\xbbj8\x00l\xca\xa5\x91\
\x07`\x11\xc2\x9e\x0b\x11\xf6\xec0AO\x00\x80\x0d\xab\
\xcbjG\xfb\x81{z9\x16QU\xc9\xef\xc1\x1da\
\x1f\x80~\xe9U5o\xc8E\xb4B;tC\xa0\x17\
~\xaf\xcb\xea\xd4\xad\x06`\xdd<\xeb\x01\xf0\x12\xc2\x9e\
\x0b\x11\xf6\xec(AO\x00\x80\xcd\x1bF\x85\x0d\x8a\xe2\
b0\x1e\x9d\xf5u\x1c\xe2a\xf5\x22\x83K\xc9A\xa5\
\xe2\x0c@o\xa8\xe6\x09\x1b\x14\xf3o\x1b&\xd0\x0f\xa9\
{\xc2\x99\xcd>\x00\x80\x95:7\xbc\xb0\x5c\xc2\x9e\x0b\
\x11\xf6\xec AO\x00\x80\x0d\x8a\xf6\xd4\xaf\xdd\x83[\
\xaa\x09\x15E\x1f\xdb\xd6?\xe5\xc4\x03(@/\xa8\xe6\
\x09\x1bf\xc3\x04z\xe5\xb5\xcd>\x00\x00\xa0m\xac]\
,D\xd8\xb3c\x04=\x01\x006K\xdb\xb4;\x9f\x06\
\xe3\xd1\xd7\x5c.fS\x06\xe3Q:\xed\xfb\xb9\x9f?\
\xfd#[*\xbc\x01t\xde\x95\xcfz\xc8\x83\x0d\x13\xe8\
\x15\x9b}\x00\x00@\xebX\xbbXHz\xfe\xebm7\
\xc5\xae\x11\xf4\x04\x00\xd8\x90\xba\xacR\xe5\xc6m\xe3\x7f\
\xe3Z%\xcb{NbL\xf8\xdeZp\xdf8\x00t\
\xd6\xb1j\x9e\x90\x8f\xc6\x86\x89\xb9(t\x9f\xb0'\x00\
\x00\xd0:\xc2\x9e\x0b\xd9\xab\xcbJ\xf1\xa1\x0e\x10\xf4\x04\
\x00\xd8\x80\xba\xacvR\xb0\xc1\xd8\xdf\x12\xf2h\x88\xca\
\xa6\xaa\x9b\xdd1\x16\x00\xddt1\x18\x8f\x9c&\x87\xcc\
\xc4\x86\xc9\xbe\xb0'\xf4B\xa5\xd3\x08\x00\x00\xd06\xb1\
v\xa1;\xde|\xde\x0b{\xb6\x9f\xa0'\x00\xc0f\x0c\
\xa3-5E1\x8a\x072\x1a\x06\xe3\xd1I\xb4\xb3\xa5\
(\xaa\xa8\x80\x0b@w\xa4\x00\xd9\xa1\xfb\x09y\x1a\x8c\
G\x97\x11\xf6\x1c\xb9E\xd0y\xafm\xf6\x01\x00\x00m\
3\x18\x8f\x0e\x85=\xe7&\xec\xd9r\x82\x9e\x00\x00k\
V\x97\xd5A\xdaH1\xee\xb7T6}\x9a\xb1\xb9s\
\x1c\x95p\x01\xe8\x86\x93\xa8`\x0dd\xaa\x11\xf6\xfc\xe2\
\x1eA\xe7\xbdw\xb8\x0e\x00\x00h\x1ba\xcf\x85\x08{\
\xb6\x98\xa0'\x00\xc0\x1a\xd5e\xf5J\x1b\xea{\xbe\x0c\
\xc6\xa3\xf3\x8c\xae'+\xd1\xce\xf6\xa2\xef\xe3\x10\xb6\xbc\
w\x00:#\xb5l\xf7\x99\x0e-0\x18\x8f\xbe\x0d\xc6\
\xa3tP\xed7\xf7\x0b:\xefC\x1cL\x05\x00\x00h\
\x0da\xcf\x85\x08{\xb6\x94\xa0'\x00\xc0z\xa5\x0a\x8d\
\xdb\xc6\xfc\xc6\xb5\x8a\x9531FwRK\xc1\xfd\x5c\
.\x06\x80\x85h\xd9\x0e-\x14\xe1\xec_\x8a\xa2\xb8r\
\xff\xa0\xd3N\xeb\xb2\xdau\x8b\x01\x00\x806\x11\xf6\x5c\
\x88\xb0g\x0b\x09z\x02\x00\xacI\xb4\x9d\xfe`\xbco\
\x0d\xb5l}^\xb4\xcc\xfc\x94\xfbu\xae\x91\x87N\x80\
v;\xf4\xfd\x0f\xed\x14\xf3\xd2]sS\xe8\xb4\xad\x08\
{\xber\x9b\x01\x00\x806\x11\xf6\x5cH\x0a{*8\
\xd3\x22\x82\x9e\x00\x00\xeb#\xa0v\xe7J\x1b\xee\xb9\x9c\
D\x054\x8ab\xbb.\xab\x13\xe3\x00\xd0J\x9f\x06\xe3\
\xd1\x99[\x07\xed\x15\xad\xdc\xd3\x06\xc0\xdfU\xf7\x84\xce\
\xaa\xe2\x19\x14\x00\x00\xa0U\x84=\x17\xf2{]V:\
0\xb5\x84\xa0'\x00\xc0\x1a\xd4euP\x14\xc5\x9e\xb1\
\xbeu\x9c6\x893\xb9\x96\xec\xc5X\xd9h\xbbs\x1c\
\x15r\x01h\x8fQ\x84\xc3\x80\x0e\x18\x8cG\xe7Q\xdd\
\xf3\xa3\xfb\x09\x9dtT\x97\xd5\xbe[\x0b\x00\xb0\x90]\
\xc3\x06\x9b#\xec\xb9\x90?\x84=\xdbA\xd0\x13\x00`\
\xc5\xa2\xe5\x99\xea\x95w.T\xf3\x9a\xdf`<\x1a\xaa\
\x9atk\xcb{\x0a\xa0U\xd2\xf7\x97\xb0\x08tLT\
\xf7L\x87\x91\xfe\x96\xe6\xf8\xee/t\x8e\x16\xee\x00\x00\
\x8b1\x87\x82\xcdK\x07\xceG\xee\xc3\x5c\x84=[@\
\xd0\x13\x00`\xf5\xd2\xc3\xc4\xb6q\xbe\xa5\x9a\xd7\xe2<\
`\xddy\xad\xc2\x0c@+\x5c\x17Eq\xa0\x927t\
\xd7`<\xfa:\x18\x8f\xf6\xa3\x9d\xbbM\x14\xe8\x8em\
\x9d%\x00X\x06kx\x00\xac[\xacE\xee[\xa7\x98\
\x9b\xb0g\xe6\x04=\x01\x00V(\xdaK\x7f0\xc6\xb7\
>\x0f\xc6\xa3\xcbL\xae\xa5u\xa2E\xe6\x97\xbe\x8fC\
\x83\x0a3\x00\xf9\xdb\xf7\xdd\x0f\xfd\x90\xe6\xaa\x83\xf1(\
\xb5(\xfcU%z\xe8\x8c\xd4\xc2]\xebQ\x00\x00\xa0\
u\x84=\x17&\xec\x991AO\x00\x80\xd5:5\xbe\
\xb7\xaeU\xf3\x5c\x0acxg\xdbx\x00d\xedW!\
O\xe8\x9f\xc1xt:\x18\x8fv\x04>\xa13\x86n\
%\xc0\xe2\xe2\xe06\x00\xb0\x01\xc2\x9e\x0b\x13\xf6\xcc\x94\
\xa0'\x00\xc0\x8a\xc4\x04x\xcf\xf8\xde:\xd1\xb6\xf5\xe5\
Rk\xcc\xa2(>\xb6\xfd\xe7X\xa2\x0fQ9\x17\x80\
\xbc\xa4\x90\xa7\x03/\xd0c\x8d\xc0gj\xe9~\xe1w\
\x01Zk\xaf.\xab\x03\xb7\x0f\x00\x80\x19\x08\xd3\x91\x1d\
a\xcf\x85\x0dux\xc8\x8f\xa0'\x00\xc0\x0aD;i\
U/\xee\x5c\x0d\xc6#\xe3\xb1<\xc3\xa8\x90\xcaw\x82\
D\x00y\x11\xf2\x04nEK\xf7\xb4\xa1\xf2\xb7\xa2(\
>\x9b\xc7B+y\x9e\x07\x00\x98\xdd\xab\x1e\x8f\x95b\
\x1fdI\xd8s![EQ\x9c\x0b{\xe6\xe5\xe7\xbe\
\x0f\x00N\xd33\x95\x09\x18\xc0\xcb\x9d\xc4\x04\x98\xef\x94\
\xf7_\xa2\xf4@Z\x97UjY\xfeGg~\xa8\x97\
\xb9\xa903\x18\x8f\xce\xda\xfcC\x00t@\x0ao\x1d\
\x0by\x02\xd3De\xfa\xc38\x14w\x10\xcf\x08: \
@;l\xa7\xae%\xbe\xe3\x01X\x90n<\xf4\x8dP\
\x14d(\xf6\xd6R\xd8\xf3\xbc(\x8a\xca=\x9a\xc9$\
\xec\xb9?\x18\x8f.[p\xbd\x9d'\xe8\xd9sq\x9a\
\x1e\x00X\xa28\xd9tdLo}IU|2\xb9\
\x96\xceH\x1bli\xa3\xcd\xe6\xf8\xad\xd4B\xe2<N\
e\x02\xb0~)\xe4i\xc1\x0fxV\xcc\xd7RX,\
\xcdgw\x22\xf0\x99^\xdbF\x0f\xb2v\xa2\x9b\x02\x00\
\x0b\x12\xf4\x04 \x0b\xc2\x9e\x0b\x11\xf6\xcc\x88\xd6\xed\x00\
\x00\xcb\xa7\xa5\xd9}\xc79]L\xc7\x9c\xf4}\x00\x1a\
\xb6\xfd\xae\x01l\xcc\x95\x90'\xb0\x88T\xe5s0\x1e\
\x9d\x0c\xc6\xa3\xb4\xf9\xffKQ\x14\x9f\xb4Q\x83lm\
\xc7aC\x00\x00\x80\xd6\x8a\x03\xa8\x87qp\x9d\xd9h\
\xe3\x9e\x09AO\x00\x80%Ra\xf1\x91\x8f\xd1\xa2\x91\
\x15\x88J\xa9\x9f\x8d\xed\xad\x0fQ\x15\x0a\x80\xf5\xb9H\
-\xc9\x84<\x81\x97J\x9f#\x83\xf1\xe8x0\x1e\xa5\
M\x83\xbf\x15E\xf1[\xea\x0e``!+\x82\x9e\x00\
\x8bq\x90\x05\xfa\xc5\x1a5d.\xd62\xf7\x85=\xe7\
\x22\xec\x99\x01AO\x00\x80%\xa9\xcb\xea\x95j\x9e\xf7\
\x5c\x1b\x8f\xb58\xf1 z\x8fV\x82\x00\xeb\xf3i0\
\x1e\xed\xc7)x\x80\xa5\x89J\x9f\xc3\xc1xt0\x18\
\x8f\xfe\xaf(\x8a\xbf\xa7Cd\x11.\x076g\xcf\xa6\
\x1e\xc0B\xfa\xfe\xcc\xe4\xbb\x83\xbe\xd9\xee\xf1\x1d?\xcf\
\xe0\x1a`&\xc2\x9e\x0b\x99\x84=\x05\xda7D\xd0\x13\
\x00`yNb\x82\xcbw\xc7\x82\x1f\xab\x17\x15S\x05\
j\xef\xa4\x8d\xc7\x83\x5c.\x06\xa0\xa3\xd2\xe2\xe7?R\
\xe5=7\x18X\x87T\xc9>Z\xbc\xefO\x09~\xda\
\x90\x81\xf5\xf2\xfd\x0f\xc0\xbc^\x191\x00r$\xec\xb9\
\x90\xb4\x17~\x16\x05\x90X3AO\x00\x80%\xa8\xcb\
*=\x04\x1c\x19\xcb[\x17\x83\xf1He\xc55I\x9b\
\xdeEQ\x5c\xf5\xe2\x87\x9d\xcd\xd0\x03&\xc0\xcaLZ\
\xb5\x9f\x19b`S\x1e\x04?_E\xab\xf7\x7f4\xc2\
\x9f\xe6\xc6\xb0:\x07\x9e\xb7\x00\x00\xa6S\xfd\x1c\xdaG\
\xd8s!UT\xf6\xf4l\xb8f?\xf7\xea\xa7\x05\x00\
X\x1d\x15\x15\xef;\xc9\xe9bz\x22UU\xf9\xb3\xef\
\x83\x10\xb6\xe3wP\xa5\x19\x80\xe5I\x0b\x9d)Te\
\xce\x03d'\xaa\xdc\xa7\xd7m\x08=6\x1b\xd2&\xeb\
N\xbc\xf6\xa3\x9aT\xe5\x0e\xc2\x8b\xa4\xea-\xa9\x8b\x82\
\xc3\x9d\x00\xb3K\x01\x92\xbd\x1e\x8fW\x9f\x7fv\xfaG\
\xe8\x09Z(\x85=\xa3\xa8\xcf\xb9\xee\x8d3\x9b\x84=\
\xf7ux\x5c\x1fAO\x00\x80\x17\xaa\xcb\xea\xd8f\xe1\
=\x9fS\x85\x9d\x8c\xae\xa7\x17Re\xb5\xba\xac.,\
\x9c\xde:\xaa\xcb\xea4Nb\x02\xf02\xe9\xfb\xe50\
\x82T\x00\xad\x10\x9b\x0cS\x9fK\x1a!\xd0\xc9\x9fE\
\x04A\x0baP\x98\x89\xa0'\xc0|\x84\x1f\xa0?\xfa\
\x1e\xf4\xb47Dk\x09{.D\xd8s\xcd\x04=\x01\
\x00^ 6\x08U\xaf\xbcs\xad\x8a\xe2F\xa5\xb1\xff\
O\x8f\x7f\xfe\x87\x86\x8d\x0d{\x00\xe6\x97Z\x1f\x1fk\
\xd3\x0et\xcd\x83\x10\xe8\x93\x9fq\x8d@\xe8\xc4\xa4:\
\xe8C\xbb6t_d\xd7&Z\xeb\xbcN\xef\x0f\x1b\
y\x00\xcc\xaa.\xab\x1d\x87\x07\xe9\x09\xad\xdb\xa1\xc5\x84\
=\x17\x22\xec\xb9F\x82\x9e\x00\x00/34\xd1\xbfg\
h\x12\xbf9\xf1\x00\xfa)U\xb3\xec\xeb\x18<\xb0W\
\x97U\xaa@\xa7\xd2\x0c\xc0|\xae\xe3;\xdda\x16\xa0\
\xd7~T\x15\x94\xf5\x89M\xb6\xa6\x87\x01\xdcf\xd0V\
\x87\x83\xf5Q\xd5\x13`v\xd6K\xbf\x1f\x96\x11\xf4\xa4\
\x0f\x1c\x00\x83\x96\x8b\xbd\xb6\xc3\xa2(\xfet/g&\
\xec\xb9&\x82\x9e\x00\x00\x0b\x8a\xcd\xa6\xf7\xc6\xef\xd6\x95\
@H\x16\xd2=8\x14@\xbe5\xac\xcb\xea\xcc\x83%\
\xc0L\xae\xe3\x10\x8b\x83\x1b\x00dc0\x1eM\x0b\xdb\
\xfe\xb0\xdat\xaa\x1a\xd6\xa8\xc0\xba\xd3\x08\x83\x0a\x82.\
\x8f\xa0'\xc0\xec.\x8d\xd5\xd4\xaa\xe8\xd0E}\xaf\xe8\
\xe9\xf3\x8eNH\x1d\x8e\xea\xb2\xfa\xb5(\x8a?\xdc\xd1\
\x99U\xf1\xac\xae\xd3\xde\x0a\x09z\x02\x00,nh\xec\
\xee\xd1\xb2=\x03)\x98S\x97U\x0a{\xfe\xde\xf7\xb1\
\x08[\x11~\xf5\xfb\x09\xf0\xb4I\xc0\xf3T+=\x00\
\xba \xbe\xcf\xa6~\xa7E\x08t7^\xfb\xc2\x9f\x0b\
\xb3y\x07\xc0<\x04=\xe9\x8b^W\xf4tp\x98.\
I\xdd\xe2\xea2e\x17\x85=\xe7\x90:\xed\xa55\xe6\
\xc3\xd6\x5cq\xcb\xfc\xd4\xf7\x01\x00\x00XD]V\xc7\
q2\x89\xef.\xd2\xe96c\x91\x87\xc1x\x94\xc2:\
W}\x1f\x87\x86\xa3\xba\xac\xfa~\x92\x1a`\x9a\x14\xf0\
\xfc\x986\xdcRUn!O\x00\xfa }\xdf\xa5\xe7\
\xd7\xf8\xeeKm\xe5\xfe\xaf(\x8a\xbf\x17E\xf1\xa9(\
\x8a\x91_\x82\x99my\xce\x02\x98\x99g-U\x0e\xe9\
\x0f\xfbF\xd0!)\xecY\x14\xc5\xaf\xee\xe9\x5c\xde\xa7\
\xb0g\x8b\xae\xb7U\x04=\x01\x00\xe6\x14\xd5?\xb4(\
\xbf\xcf\xc9\xac\xfc\xb8'\xf7\xa9\xc0\x0bp\xe7\x22-P\
\x0e\xc6\xa3W\x11rQm\x01\x80^K\xed\xe1\x07\xe3\
\xd1\xf1`<J!\x94\xbf\xc5A\x08\x87\xe7\x9ew\x90\
\xfb\x05\x02\xe4\xc0\xa1\xba\x1b\xbd\xaerH?8\x04s\
\xb3\xde\x04\x9d#\xec\xb9\x10a\xcf\x15\x11\xf4\x04\x00\x98\
\xdf0\xdaA\xf3\xdd'\x8b\x95\xf9I\x1b\x95EQ|\
\xe9\xfb84\xa4v\x11\xc2\xaf@\x9f]E\xa5\xb2\xbf\
E\xf52\x0bm\x000ET\xfcL\x07!vb3\
\xcf\x86\xf5\xd3\xfa\x1ef\x00`v{\xc6\x8a\x1e\x10h\
\x86\x8e\x12\xf6\x5c\x88\xb0\xe7\x0a\x08z\x02\x00\xcc\xa1.\
\xab\xfd\xa2(^\x1b\xb3[\xd7\xaa\x9bf\xed\xb8\xef\x03\
\xf0\xc0\xb0.+\x8bm@\x9f\xa4\xef\xe9\xcfEQ\xfc\
#\x85U\xa2R\x99\xc3\x19\x000\xa3\xb4\x99\x97\x0eH\
\xc4\x86\x9e\x0a\x9f\x8f\xed\xe7vA\x00\x19\xeb\xfd\xc1\x81\
\xe8\x94\x05]\xd6\xf7\xb9\x915':M\xd8s!\xc2\
\x9eK&\xe8\x09\x000\x1f\x93\xd1\xfb\x8e\xb5{\xcdW\
\x84y>\xf6}\x1c\x1a\xb6\xb4p\x07z`\x14\x95;\
\x7f\x89\xd6\xec\x87\x83\xf1\xe8\xcc\x8d\x07\x80\xc5\xc5\x86\xde\
n\x1c\xa0\xe0\xce\x96\xd0\x0e\x00sP\x09\x9a\xae\xeb\xfb\
\xef\xb8\xa0'\x9d'\xec\xb9\x10a\xcf%\x12\xf4\x04\x00\
\x98Q]V\xa9r\xe5\xb6\xf1\xba5\xd2\xf6\xb5\x15\x86\
*\xcf\xdc\xf3>*\xf3\x02t\xc9u,0\xa6\xb6\xec\
\xbbQ\xb9\xf3\xd2\x1d\x06\x80\xe5I\x87\x1c\xd3\x01\x0a\x9b\
z\x8f\xf4=\xd0\x000+\xcfh\xbe3\xe8\xbe\xbe\xff\
\x8e+\x0aB/\xc4\xde\xe8'w{.ioN\x17\
\xc2%\x10\xf4\x04\x00\x98AT\xa80\x01\xbd\xcfx\xb4\
@T\x5c\xd5^\xff>U=\x81\xaeI\x15\x8b\xbfi\
\xcb\x0e\x00\xab\xa7\x82\xcb#}\x0f4\x00\xccJ\x00\xca\
w\x06\x1dV\x97\xd5+\x85B\x04\xda\xe9\x8ft\xd0^\
\xc7\x87\xb9\xfd^\x97\xd5a\xcb\xae9;\x82\x9e\x00\x00\
\xb3\x19F\x88\x82\xef\xbe\x0c\xc6\xa3sc\xd1\x0e\xb1\x11\
y\xd1\xf7qh\xa8\x9c\x1c\x04:\xe8T\xebT\x00X\
\x8fx\xc6\xfa\xcdp\xdf\x10\xda\x01\x98\x8d\x83y\xbe3\
\xe86\xbf\xdf\x02\xed\xf4Lt|\x10\xf6\x9c\xcf\x1f\xc2\
\x9e/\xf3s\x9b/\x1e\x00`\x1d\xa2\xcd\xf3k\x83}\
\xcf\xeb\xba\xac\xfe\x97\xd1\xf5\xc0\xbcN\xea\xb2:\x8d\x8a\
\xa7\x00]\x90\x0e\xa4\xa4\xd0\xc9\xbe\xbb\x09\x00\xab7\x18\
\x8f\x86\xd6\x0bn\xbc\xca\xe0\x1a\x00\xda@\xd0\xb3(\xb6\
\xd3\x01E\xdd(\xe8\xa8\xde\xaf\xc7\x0c\xc6#\x15=\xe9\
\x9d\x14\xf6\xac\xcb*\xfd\xd8\xef\xdd\xfd\x99\xa5\xb0\xe7\xe4\
\x00%sR\xd1\x13\x00\xe0\x07\xa2\xdd\x86\x89&t\xcf\
\x96\x16\xee@\x07\xed\xa9X\x0c\x00k\x95\xbew\xaf{\
>\xe4{\x19\x5c\x03@\x1b\x08@}\xa7\xea!]\xd5\
\xf7\xa0\xe7U\x06\xd7\x00\x1b\xa1\xb2\xe7BT\xf6\x5c\x90\
\xa0'\x00\xc0\x8f\xa5M\x9bmc\x04\x9d\xf4>*\xf0\
\x00t\xc9\xefuY\xd98\x03\x805\x88\x8ad\xbd?\
\x1c\x1a\x87d\x01\xf8\x01]enY\x8b\xa3\xab\xfa\xbe\
\x16\xa3R/\xbd&\xec\xb9\x10a\xcf\x05h\xdd\x0e\x00\
\xf0\x84\xd4F\xa6(\x8a\x0f\xc6\x07:mh\x11\x8e%\
\xf9l\x93\x7f\xe3R\xc0\xe0\xcf\x9e\x8f\xc1\xc4i\x0a\xb2\
\xdbH\x04\x80\xb5H\xcf\x14G=\x1f\xea\xf4Lu\x9e\
\xc1u\x00\xe4\xeeB%dAO\xba'\x0e\xdcn\xf5\
\xfc\xd6\xaaZL\xefi\xe3\xbe\x10m\xdc\xe7$\xe8\x09\
\x00\xf04\x93J\xe8\xbe*\xb59\x1e\x8cG\xda\xb8\xf3\
R_\x07\xe3\x91\xcd\xed\x0d\xab\xcb\xea\x93\xa0\xc5\x8d\xb4\
\xa2x\x12\x95\xc9\x01\x80\x15JU=\xeb\xb2\xfaR\x14\
\xc5k\xe3\x0c\xc03\x1c\xc6\xfb\xbe\x16\xb7\x13U\xb1\xa1\
+\x0e\xdcI\x9foP\x08{.jX\x97\xd5\xe5`\
<\x12\x18\x9f\x81\xd6\xed\x00\x00S\xd4eu\xe0t5\
\xf4\xc6\x89V\x83\xd0\x19)\xdcx\xe5v\xde8JU\
=3\xb8\x0e\x00\xe8\x83\xbe\x1f\xf8\xd1%\x01`6\x02\
\x0c\xdfyV\xa5k\x04=\xcd\x87\xe1V\xb4q\x1f\x19\
\x91\x99\xa5\x8a\xc8\xe7Q\x1d\x99g\x08z\x02\x00<\x10\
\x81/\xd5\xfd\xa0?\xb6T\xf0\x85n\x88V\xe5\x87n\
\xe7\xad3Av\x00X\x8b\xbeol\x9bo\x00\xccF\
\xd0\xf3;\xa18:#\xd6]*w\xb4P\xa5\x17\xee\
\xdb\x17\xf6\x9c\x8b\xb0\xe7\x8c\x04=\x01\x00\x1eKmN\
\xb7\x8d\x0b\xf4\xcak\x95\xef\xa0\x1b\xa2\x85\xfe'\xb7\xf3\
\x86 ;\x00\xacA\xb4\x98\xbb6\xd6\x00<C\x10\xea\
;kpt\x89\xe0\xf2\xf7\xf9\xb0\xcf7h\x88\x82\x04\
\xc2\x9e\xf3\x11\xf6\x9c\x81\xa0'\x00@C]V;E\
Q|0&\xd0K\xc2P\xd0\x1dZ\xb8\xdfIA\xf6\
\xe3\x5c.\x06\x00:L\x956\x00~(\x0e\x06P\x14\
[uY\x09\xc7\xd1\x15~\x97\x8b\xe2\x22\x83k\x80\xec\
\x08{.D\xd8\xf3\x19\x82\x9e\x00\x00\xf7\x09zA\x7f\
m\xd7eu\xe2\xfeC\xfbi\xe1\xfe\xc8I\x1cf\x01\
\x00V\xa7\xcfU\x8cl\xc2\x01\xccN\xd8\xe3;\xe18\
Z/\xda\xb6\xbfv'U+\x86\xa7\x08{.D\xd8\
\xf3\x07\x04=\x01\x00B]V)\x10\xb2g<\xa0\xd7\
\x8e\x85\xa1\xa0\x1b\xb4p\xbf'-\x8e\x9det=\x00\
\xd0E}\xde\xe0~\x95\xc15\x00\xb4\x85@\xd4w\x82\
\x9et\x81C\xc6\xdf\xa9V\x0c? \xec\xb9\x90I\xd8\
\xd3~\xdd\x03\x82\x9e\x00\x00w'/\x87\xc6\x02zo\
\xcbg\x01t\x8a\x16\xeew*U\x8b\x01\x00\x006N\
 \xea\xbb\xad(\xbc\x00m\xe6w\xf8;\x9fk\xf0\x0c\
a\xcf\x85\xdc\x14/\x88=|\x82\xa0'\x00\xc0w'\
1a\x04x]\x97\xd5~\xefG\x01:@\x0b\xf7G\
>hy\x03\x00+snh\x01\x98\x81\xef\x8b;\x9e\
\xd7i\xadX_\xa9\xdc\xc1\x1b\x82\x9e0\x03a\xcf\x85\
TQ\xd9S\xd83\x08z\x02\x00\xbd\x17\x0f\xe4G}\
\x1f\x07\xe0\x9eS\xc3\x01\xdd\xa0\x85\xfb#NA\x03\x00\
\x00l\x8e@\xd4\x9d=-Yi\xb1c7\xef\xc6U\
\x84\xd7\x80\x19\xc4\xfb\xe5\xa0(\x8ak\xe353a\xcf\
\x06AO\x00\x00m\x9a\x81\xc7\xb6\xb58\x86N\xd1\xc2\
\xfd\xce\xb6\xb9\x0f\x00\x00\xc0fD\xc0\xc3\xf3\xe9\x1d\xeb\
o\xb4N\x84\x8d\xde\xbbs7T)\x869\x0d\xc6\xa3\
\xafQ\xd9S\xd8sv\xc2\x9eA\xd0\x13\x00\xe8\xb5\xba\
\xacR{\x98\xbd\xbe\x8f\x030\xd5\xb1\xaa\x02\xd0\x0dZ\
\xb8?\xf2\xbe.\xab\x83\xcc\xae\x09\xc8@z>\xf2\xf9\
\x00\x00\xb0r\x82Qw\x0e\x846h!\xd5<\xef\xa8\
R\x0c\x0b\x18\x8cG\x97\xc2\x9es\xeb}\xd8\xb3\x10\xf4\
\x04\x00\xfa,&\x82*Z\x01O\xd9\xd2\xc2\x1d\xbaC\
\x0b\xf7GN\xfb\xbe(\x06\xdc\x17\x07\x5c\xd2\xf3\xd1\x9f\
uY\x9d;\xf0\x02\x00\xb02\x82Qw\xb6\x84\xe6h\
\x93XK\xf1;{\xc7\xe7\x19,H\xd8s!\xbd\x0f\
{\x0az\x02\x00}v\x12\x0bI\x00O\xd9S\xd5\x0a\
:E\x0b\xf7;i\x0et\x96\xcb\xc5\x00Y8k<\
\x1f\xa5\xae\x07\x97uY\xd9\xc0\x04f\xf1\xcd(\x01\xcc\
EE\xcf\xfb\x8e\x1dD\xa4E\x8e\xed+\xdd\x89\x83\xd5\
\xc0\xe2\xef!a\xcf\xf9U}^\xd7\x16\xf4\x04\x00z\
\xa9.\xab\xdd\xa2(\x8e\xdc}`\x06C\x8b\xcd\xd0\x0d\
Z\xb8?\xb2'\xc4\x05\x14\xdf\x9f\x8fNb\xa1\xbc)\
m^\xfe\x1e\xd5=w\x0d\x14<\xab\xcfUpUr\
\x02\x98C\x84:\x04:\xeel\xc5\xc1L\xc8Zt=\
\xb0\x8er\xe7\x22\x97\x0b\x816\x13\xf6\x5c\xc8^\xbcz\
G\xd0\x13\x00\xe8+\xed\x98\x81Ym[\xc0\x83\xee\xd0\
\xc2\xfd\x91\xdf\x05\xb8\xa0\xdf\xe23\xe0\xc3\x0f\x06!-\
\x9c\xff\xa7.+\x87_\xe0\xc7\xfa\x1c\xf4\x04`~B\
\xf2\xf7\x1dE\x88\x0er\xa6K\xdc}\xaay\xc2\x92\x08\
{2+AO\x00\xa0w\xa2r\xd5\xc3j5\x00?\
\xf2\xc1b3t\x8a\x16\xee\xf79\x00\x03=\x15\xc1\xcd\
Y\xdb]\x1dE;w\x95\x91a\xba}\xe3\x02\xc0\x1c\
\x04\xa4\x1e\xf3lJ\xb6\xea\xb2Js\xbd\xf7\xee\xd0=\
>\xc7`\x89\x84=\x99\x85\xa0'\x00\xd0+\xb1\x91\xa9\
\x0d\x0c\xb0\x08\x8b\xcd\xd0\x11Z\xb8?R\xa5J}\x99\
]\x13\xb0\x1e'Q\xbd|V\xe9\xff\xf7\x0f\xed\xdca\
\xaa>\xbf'\xbefp\x0d\x00m3\xeba\x9b>\xd9\
\xab\xcb\xea\xa0\xef\x83@~b_\xc9\xda\xf0\x03\xd15\
\x07X\xee\xfb*\x85=}\x17\xf2$AO\x00\xa0o\
\x86Zk\x00\x0b\xb2\xd8\x0c\x1d\xa2\x85\xfb#GQ\x9d\
\x02\xe8\x89\x98\xd7\x1c-\xf8\xd3N\xda\xb9\x9fj\xe7\x0e\
\xb7\xef\xa7>\xaf5\x08z\x02\xcc)\x82\x1c*v=\
f~I\x8e\xe6= \xd7\x07\x17}\x1f\x00X\x95X\
\xb7\xfe\xd5\x003\x8d\xa0'\x00\xd0\x1bZk\x00K0\
\xb4\xd8\x0c\x9d\xa2\x85\xfb}6\xd4\xa0'\x96X\x91&\
=_}\xad\xcb\xea\xc4\xe7\x07=\xe7@\x18\x00\x8bP\
\x0d\xef\xb1-\x95\x13\xc9I\xec+-z@\xae\xcbT\
%\x86\x15\x1a\x8cG\xa7\xc2\x9eL#\xe8\x09\x00\xf4\x89\
\x96\xa4\xc0K\xa5\x93\xdb\xc7F\x11\xbaA\x0b\xf7G\xb6\
m\xa8Ao\x9c-\xb1\xfa`\xfa\xf7|(\x8a\xe2\xb2\
.+\x9f\xa9\xf4N\x84\x9c{}\xa8T\xdbN\x80\x85\
\x09JM\xf7\xba.+\xebol\x5c\xcc\xf3\xbcO\xa7\
3\xff\x83\x15\x13\xf6d\x1aAO\x00\xa0\x17ba\xa8\
r\xb7\x81%\xf8P\x97\xd5\x8e\x81\x84n\x88`\xc2\x17\
\xb7\xf3\xd6kA-\xe8\xb6x6\xda[\xc1\x0f\x99\xc2\
\xe2\x7f\xd4e\xf5\xd5\xe7\x08=#\x88\x02\xc0\xa2\x04\xa5\
\x9e\xf6{]V\xbb\xb9^\x1c\xbdq\xbe\xc4\x03r]\
r5\x18\x8f.\xfb>\x08\xb0\x0e\xc2\x9e<$\xe8\x09\
\x00t^\x9c\xba<q\xa7\x81%R\xf1\x0e\xba%\x05\
\x92\xae\xdd\xd3[C\x81v\xe8\xa6\xd8,_\xf5\xb3Q\
3\xf0\xb9\xefW\x89.\x8b\xef\xcb\xbe\x07=/2\xb8\
\x06\x80V\x1a\x8cG_\x8b\xa2\x18\xb9{O:\xf7l\
\xca\xa6\xd4eu\xaax\xc8\x93\x84\xd4a\x8d\x84=i\
\x12\xf4\x04\x00\xfa\xe0\xd4\xa9K`\xc9\xf6T\xaa\x82\xee\
\xd0\xc2\xfd\x91-\x81v\xe8\xacu>\x1b\xa5\xc0\xe7_\
uY\x9d\x0b|\xd2aC\xeb\x0d\xc5\xd7\x0c\xae\x01\xa0\
\xcd\x04\xa6\x9e\x96\xbec\xcf\xa2\x90\x03\xacM\x84<\xdf\
\x1b\xf1'ig\x0fk&\xec\xc9\x84\xa0'\x00\xd0i\
\xb1\xa1\xf8\xda]\x06V`h\xa1\x19\xbac0\x1e\x9d\
i\xe1~O\x0a\xb4\xab\x88\x0e\x1d\x12\xef\xe9MT\xa4\
\xd9\x8b\xc0\xa7\x96\xeetJ\xfc>[o\x10\xf4\x04x\
)\x87\xec~\xac\x8a\xca\x9e\xd6\xe0X\x0b!\xcfg]\
\xc7\x1a\x1a\xb0f\xc2\x9e\x14\x82\x9e\x00@\x0fX(\x03\
Vek\x0d\xadO\x81\xf5\xd2\xc2\xfd\xbe\x0f\xd1\xe6\x19\
h\xb98\x00\xf7a\xc3?E\xb3\xa5\xbb\xc0'\xad\x16\
\xdf\x8fCw\xf1\x86Jt\x00/0\x18\x8f.\x8b\xa2\
\xb82\x86?$\xec\xc9Z\x08y\xce\xc4\xdc\x0f6(\
\xc2\x9e\x1f\xdd\x83\xfe\x12\xf4\x04\x00:+*\xd6l\xbb\
\xc3\xc0\x0a\x1d\x09AAwh\xe1>\x956y\xd0r\
\xf1\x1e\xce\xe9\x00\x5c3\xf0y\xe23\x86\xb6\x89\xdf\xd9\
s-\xdbo\xa9\xe8\x09\xf0r\xaa\xe3=o\x12\xf6\xdc\
\xc9\xfdBi'!\xcf\x99\xf9\xbc\x82\x0d\x1b\x8cGi\
\xff\xfb\xb3\xfb\xd0O\x82\x9e\x00@'\xc5\x82\xcf\xb1\xbb\
\x0b\xac\x81J>\xd0!Z\xb8?\xb2\xadz1\xb4\xde\
i\xa6\x07\xe0\xb6\xa3\xcah\x0a|\x9e\xda\xb4\xa7\x0d\x84\
<\x1f\xb9\x1a\x8cG\x82\x9e\x00/\xa7+\xd5lR\xd8\
\xf3\xd2\xa1k\x96)\xcd\xef\xea\xb2\xba\x14\xf2\x9c\xc9\xb5\
\xa0'\xe4a0\x1e\x1d\x0a{\xf6\x93\xa0'\x00\xd0U\
C\x1b/\xc0\x9a\xeci?\x0a\x9d\xa3\x85\xfb}\xa9z\
\xf1AN\x17\x04\xcc&\xde\xbb\xaf3\x1f\xae\xad\xd8T\
\xfdo]V\xe7>o\xc8U\x84\x91\xcf#d\xc2w\
\x97\xc6\x01\xe0\xe5\xb4o\x9fK\x9a;\xfe\xa7.+E\
\x1ex\xb1\x08\x0d_\x9a\xdf\xcd\xec,\xba\xe1\x00\x19\x10\
\xf6\xec'AO\x00\xa0s\xea\xb2\xdao\xc1f&\xd0\
-CmG\xa1;\xb4p\x9f\xea\xd4\xe7\x1c\xb4K\x84\
\xd2\xdaV\x1dj\xaf(\x8a?\xb5u'7B\x00O\
:\xcf\xf4\xba\x00\xdaHU\xcf\xf9\xfc^\x97\xd5\x99\xf9\
\x22\x8bJ\xcf\x1b)4\x9ci\xf7\x83\x5c\xa9\xe6\x09\x99\
\x11\xf6\xec\x1fAO\x00\xa0\x8b,\x8a\x01\xeb\xb6\xa5\xb5\
1t\x8b\x16\xee\x8flY\xd0\x87\xd69mq\x97\x83\
I[\xf7ql\xe0\xab\xf2\xc9\xc6D\xf5~\xed\xda\xa7\
\x13\xf4\x04X\x1ek\xda\xf3K\xc5\x1e\xbe\x9a+2\x8f\
t\x80'Z\xb5\x7f0ps\xb9\x8e\xb52 3\xc2\
\x9e\xfd\x22\xe8\x09\x00tJ\x9c\xc2t\x02\x13\xd8\x84\xa3\
\xa8\xf4\x03t\x87\x16\xee\xf7\xedi\x8f\x07\xed\x10\xef\xd5\
\xbd\x8e\xdc\xae\xd7\x8d*\x9f\xc3\xa8T\x0a+\x97*\x84\
\xd5e\x95B7\x7f\x08yNu\x1d\xad\x86\x01X\x82\
\xc1x\xf4\xb5(\x8a\x0bc9\xb7\xad\x98+\x9e\x9b'\
\xf2#1\xb7\x1bF\x15OU\xda\xe7'\x8c\x0e\x19\x13\
\xf6\xec\x0fAO\x00\xa03b!\xc7)L`\x93,\
xA\x87h\xe1>\xd5\x89P;\xe4-\xde\xa3\xbfw\
\xf06\xa5\x03}GEQ\xfc7U\xe0IaV\xad\
:Y\x95\xba\xac\xf6\xa3U\xfb{\x83\xfc$\x15\x9d\x00\
\x96\xcf\xba\xd2\xe2\xf6b\x9exj\x8eHS\x04<S\
\x81\x90\xaf\xf1<\xc1b\x86\xc6\x0d\xf2&\xec\xd9\x0f\x82\
\x9e\x00@\x97X\x08\x036\xadR\xed\x0e\xbaE\x0b\xf7\
G\xb6\xcc\xb9 _\xb1\xa9\xdd\x87\xf7h\x15a\xd6I\
k\xf7C\x1b\xfa,C:@\x9a~\xa7\x8a\xa2\xf8K\
\xb7\x90gi\xdb\x0e\xb0|g\xbaJ\xbc\xd8\xfbh\xe7\
~\xaa\xc2g\xbf=\x08x~P\xa1\xfdE.\xa2\xea\
0\x90\xb9\x08{\xaa\x10\xdea\x82\x9e\x00@'\xd4e\
u\xd0\xa1\xd6\x84@\xbb\x9d\x08\x1a@\xe7h\xe1~_\
\x15\x9b%@~Nz\xd8\x86\xf0u\xb4\xd6\x16\xfad\
a\x8d \xc0\x7f\xe3w\x8a\xe7\xa9\xe8\x09\xb0d\xd1U\
\xc2\xc1\xba\x97\xdb\x8a\xc0\xe7\xa4\xc2\xe7~\xdb\x7f f\
\x97:\x1c\xa4\xfb.\xe0\xb9T>\x97\xa0]\xd2\x9e\xf9\
\xc8=\xeb&AO\x00\xa0\xf5b\x13O\xdb\x08 \x17\
[>\x93\xa0[\xb4p\x9f\xea\x83\xcd2\xc8K\xbc'\
\xfb\xde\x8a\xb0\x19\xfa<\x8f\xf6\xee*9\xf1\xa4)\x95\
\x9e\x98\xcd\x97\x98\x1f\x01\xb0|\xd6\x94\x96+\x05>\xff\
\xaa\xcb\xea\xab\xb9aw\xc5\x9c.\xdd\xdf\xcb\xa2(\xfe\
\x13\xf7]\xc0s9\xae\x07\xe3\x91\xa0'\xb4H<\xab\
\xed\x0b{v\x93\xa0'\x00\xd0\x05\xc7Z\xaa\x01\x99y\
/\x00\x05\xdd\xa2\x85\xfbT\xa7\xaa\xe6A\x1e\xe2\xbd\xa8\
\xba\xde}{\xd1\xde=Ur\xba\xac\xcbjh~\xc6\
D\xb4h\x1f\xaa\xf4\xb40\x9f7\x00+\x12\xed\x91\xb5\
\x5c]\xbe\xed\x07sC\xa1\xcf\x96\x8b\xf9\x5c\xba\x8fi\
^2\x8e\xfb\xdb\xb7\xee\x06\xeb |\x0e-$\xec\xd9\
]?\xf7}\x00\x00\x80v\x8b\xc5\x18U7\x80\x1c\xa5\
E\xb0]w\x06:\xe50\x02!\xc2 \xdfmG\xfb\
\xae\x83\x1c.\x06z\xee\xd4g\xd3\x0fU\xf1:\xaa\xcb\
\xea\xba(\x8a\xf3x\x9dE\x98\x82\x9e\xa8\xcb\xea \xbe\
\xcf\xb5g\x7f\x19AO\x80\xd5J\xd5\xa6\xff2\xc6+\
SE(\xf0\xf7\xba\xac\xae\xe2{\xedf~\xa8bu\
\xbe\xe2p\xdb~\xe3%\xd4\xb9\x1e\x82\x9e\xd0R\xe9;\
-\x0e\xbc\x9e\xfb\xcc\xec\x0eAO\x00\xa0\xed\xb4\x8c\x00\
rU\xa5S\xe5\x83\xf1\xc8b\x18tD,\x8e\xa5p\
\xc8\x9f\xee\xe9\xad\xd7)4\x13\x15O\x81\x0d\x88\xcf%\
\xa1\xb5\xd9m\xc5x\xbdnl\xee\x9f76\xf7\x05?\
;\xa6.\xab\xdd\x08w\x1e\xe8\x06\xb2\x14\x9f\x85`\x00\
Vk0\x1e\x9d\xd7e5\x12\xcaX\x8b478\x8a\
W\x11\xe3~\x19s\xc3\xcb\xc1xt\xd9\xfd!\xc8S\
\xcc\xe1v#\xd8\xb9\xeb\xfd\xb0\x11\xe6}\xd0r\xc2\x9e\
\xdd#\xe8\x09\x00\xb4VT\xe2\xd8s\x07\x81\x8c\x9d\xd4\
eujA\x0c\xba#\x05\x1a\xeb\xb2\xfa\x22TuO\
j\xe1\xbe+\x1c\x05\xeb\x17\x1d\x0e\x1c*y\x99\xb4\xb9\
\xff>^E#\xf8y\x19\xc1O\x9b\xfb-$\xdc\xb9\
R\x0e\xdc\x02\xacG\x9a\xe3\xfda\xac\xd7nR\x09~\
27,\xa2\xed\xed\xd7\x98\x1f\xa6\xd7\xb7\x14\xc6\xed\xd5\
\xa8\xacP\x04\x90^E\x983\xbdv\x84\x91\xb2q\xd2\
\xf7\x01\x80.\x10\xf6\xec\x16AO\x00\xa0\x95\xa2M\x87\
\xcd\x05 w[\xb10\x7f\xe8NA\xa7h\xe1~\xdf\
V\xcc\xcb\xf6s\xba(\xe8\x893\x9fEK\xf70\xf8\
\x99\xfe\xb8h\x84?/\x05\xdb\xf3\xd3h\xe5y\x10\x7f\
\x0aw\xae\xc6\x95`\x0b\xc0z\x0c\xc6\xa3t\xa0\xee\xc4\
wZ\x16&\xe1\xcf\xdb\x03\x9f1G\xbc\x8e\xf9a\x11\
s\xc5\x22\xd6\x0a&s\xc5\xcb>\x1f\xfe\x8eCi;\
\xf1\x7f6\xffz\xb2v\xa0\x88G\xde>{\xee\x81\xee\
\x10\xf6\xec\x0eAO\x00\xa0\xadNlh\x02-\xf1>\
\xaaz\xda\x10\x85\x8e\x88\x85\xb1c\xd5U\xee\xd9K\x9b\
\x90\x83\xf1H\xb5\x07X\x93\xd8\xf8\xb78\xbf\x1e{\xcd\
\x8d\xe8\xba\xac\xae\x9b-=\x85?\xd7\xaf\x11\xec\x9c\xbc\
\xbc\x17\xd6C\x05a\x80\xf5:\xf1\xdc\x99\xb5\xad\xc6\x1c\
qjh1\x02\xa1\xc5\x83P\xe8D3\x14\xfa\xd0\x8f\
\xfe\xd9:\xedF\xb5\xcdi\x9a\xe1\xcd\x09\xe1\xcd\xee\xb0\
\xbe\x03\x1d\xd3\x08{*`\xd0b\x9d\x08z\xc6\xa2&\
@\x0e\x1e>\xd0\x00+\x10-\xd8\x8e\x8c-\xd0\x22\xc3\
X\x18\x05:\x22\xaa\xab\x1c\xda\xc4\xb8\xe7C]Vg\
\xda\x1c\xc3\xea\xc53\xd1\x07C\xbd1[S\xc2\x9fE\
T\xfe\x9cl\xca\xa7\x10\xe8W\x01\xd0\xe5\x88\xcd\xa8\xdd\
\xc6K\xb0s\xfd\xaeuV\x01X/U=;ek\
\xca\xfa\x81\xf5\x04r\xa5\x9a't\xd4\x83\xca\x9e\xc2\x9e\
-\xd4\x95\x8a\x9e\x165\x01\xa0_T\x90\x00\xda\xa6R\
\xe9\x0e:\xe90*rX\x14\xbb\x936\x22\xf7\xfb\xdc\
\x9e\x0eV-*\x19\x9e\x19\xe8,5\xc3\x9f7k\xd6\
\x11\x00\x1d\x15E\xf1-6R\xbe\xc5w\x87\x10\xe8\x14\
\x11b\x9eT\xeb\xdc\x8dC\xd5B\x9dy\x18\xfa~\x07\
\xd8\x08U=\x81u\xb3\x86\x0d\x1d\x96\x0e\xe9\x0b{\xb6\
\x97\xd6\xed\x00@\xab\xa8\x9c\x05\xb4\xd8q\xb4p\xb7\xa1\
\x0f\x1d\x91\xde\xcf\xf5\x14\xf7\x91\x00\x00 \x00IDA\
TQ]\xe5w\xf7\xf4V\x15\x1b\x02\xc7\x99\x5c\x0ft\
\x91\xaaN\xed3\x09*\xde{\x96\x8d\x10\xe8UT\x00\
\xfd\xd6h\xe7y\x1e\x7f~\xebZ\x95\xe4\x08*O\xc2\
\x9c\xcd?w\xfc^g\xcf\xa1[\x80\x0d\xd0M\x02X\
3\xd5<\xa1\x07\x84=\xdbK\xd0\x13\x00h\x8d\xd8\x10\
\xb2\xb10\xddG\x95\x02\xc9I\x0a4\x16E\xf1\xdeM\
\xb9g+>\xc3\x0e2\xba&\xe0\x85\x06\xe3\xd1\xb0.\
\xab\x03\x9bn\xf7\x1cE\x0b\xf7\xf39\xfe7\xc0\x0c\xe2\
\xf3\xe6\xc8Xu\xcav#\xe0\xf8:\xfe\xbc\xed`\x15\
a\xd0\xa2\x11\x08-\x1e\x84B\x8bF\xbb\xf8\xa6\x95W\
\x0c\xad\xcbj'\x02\x9aM\xfb\x8d\xbf\x9e\x049'\x7f\
m\xf3\xa8\xbd>\xaa\xe6\x09\xb0Qi\xdd\xf7/\xb7\x00\
X\xb1k\x07w\xa1?\x84=\xdbI\xd0\x13\x00h\x93\
\x13\x13\xcd\xa9\xae\x04`\xc9\xd0q\x04\x1a\xbdg\xef{\
\x1d-\x8d\x85\x9f\xa0[\xb4p\x7f\xec,\x05\x80\x84B\
`y\xe2\xe0\xdb\xa9!\xed\xad\xed\x07\x15/_?7\
\x10\x8d\x90\xe8\x8f\x5c<\xf1\xcf^i\x99N\xb8\xb6\xe6\
\x00\xb0Yi\x1d\xa9.\xab/\xb3|\xff\x03\xbc\xc0\xd0\
:\x0e\xf4\x8b\xb0g\xfb\xfc\xd4\xf7\x01\x00\x00\xda\xa1.\
\xab]\x95k\x9et\xec\xe1\x9b\xdc\xc4\xef\xa4*\xb3\xd3\
\x09h@\xc7D\xc54\x9fy\xf7m\xf9\xbc\x83\xa5;\
\xb3\xe8\xce\x0a\xec=\xf1\x12\xf2d\xc2\x86?@\x1eT\
\xd9\x03V\xe9J\xd78\xe8\xa7\x14\xf6\x8c\xee\x1c\xd7~\
\x05\xf2'\xe8\x09\x00\xb4\x85\xa0\xc0t\x17\x83\xf1\xe8,\
\xc7\x0b\x83\xd4\xce\xb8(\x8aQ\xef\x07\xe2\xb1\xed\xba\xac\
,\x9aA\xc7\xc4g\xdeSU\xd1\xfa*U1\xb6\x19\
\x09K\x10\xef\xa5=c\x09\xac\x99\x0e\x22\x00\x99\x88\x03\
\x86\x1f\xdd\x0f`E\x0e\x0d,\xf4\x97\xb0g{\x08z\
\x02\x00\xd9\x8bMM\xd5D\xa6\xf3\xf0M\xee\x04|\xa6\
;N-\x8ds\xbc0\xe0E\x0e-\x86=r\xe2\xf3\
\x0e^&\xba\x1b8$\x02l\xc2\x89j\x9e\x00Y\x19\
F\x08\x1f`\x99\xbe\x0c\xc6\xa3s#\x0a\xfd\xd6\x08{\
\x921AO\x00 kuY\xbd\xb2\xa9\xf9\xa4\x8fq\
\x92\x1b\xb2\x15\x0bD\x9f\xdd\xa1G\xb6T\xc6\x81\xee\xd1\
\xc2}\xaa\xadh7\x0d,\xeeT\xcbv`\x03R\x07\
\x11\xddU\x002\x12\xe1{\x07\xff\x81e\xbaV\xac\x01\
\x98\x88\xb0\xe7\xaf\x06$_\x82\x9e\x00@\xee\x8665\
\xa7\xd2>\x8d69V\xe1n\xaa\xd4\xd2\xd8\xe9H\xe8\
\x18-\xdc\xa7\xaa\xea\xb2\x12\x80\x85\x05\xc4{Gw\x03\
`\x13\x04\x89\x002\x14\x87\xaa?\xb97\xc0\x92\x9c(\
(\x024\xc5\x81?a\xcfL\x09z\x02\x00\xd9\x8a\x00\
\xd4{wh\xaac\xed\xd3h\x8b\xf8]\x15\xf0\x99\xee\
4*\x17\x03\xdd\xa2\x85\xfbc\x1f\x84\xdba>\xf1\x9e\
\xf9`\xd8\x80\x0d\xd0A\x04 o'Z\xb8\x03Kp\
\x11\x07\x96\x01\xee\x11\xf6\xcc\x97\xa0'\x00\x903\x0f\x98\
\xd3\xa5\x87o-Pi\x95X0\x1a\xb9k\x8flk\
\x8d\x03\xdd\xa3\x85\xfb\x93\x84\xdbY\xc4N\x1fG-\xde\
+Z&\x03\x9b0\x1a\x8cG\xe61\x00\x19\xd3\xc2\x1d\
X\x82k\x9f#\xc0\x8f\x08{\xe6I\xd0\x13\x00\xc8R\
]V\xc7Z\x14>\xc9\xc37m%\xd08]\xaar\
\xd7\xcb\x10\x0bt\x99\x16\xeeSm;\xc8\xc3\x02\xb6{\
:h\xa7=\xfe\xd9\x81\xcd\xb1\xe1\x0f\xd0\x12Z\xb8\x03\
/t\xa8\x82;\xf0\x1ca\xcf\xfc\x08z\x02\x00\xd9\x89\
\xea5\xaaGL\xa7}\x1a\xad\x15\x0b\xd0\x9f\xdd\xc1\xa9\
T\xec\x82n\xd2\xc2\xfd\xb1\xf7uY\x1d\xe4vQ\x90\
\x93h\xd9\xfe\xdaM\x016\xe0x0\x1e]\x1ax\x80\
v\x18\x8cG\xc7:\xe8\x00\x0b\xf8\xack\x1c0+a\
\xcf\xbc\x08z\x02\x009J\x95\x9e\xb6\xdc\x99G\xaeT\
\xc1\xa2\x03\x8e\x85\x9e\xa6\xda\x13|\x82\xee\xd1\xc2\xfdI\
\xa7*\x19\xc3\xd3\xe2p\xccGC\x04\xac\xd9\xe7\xd8\xc0\
\x03\xa0]\x0e\xac\xb5\x01s\x18\xe9\xbc\x05\xccK\xd83\
\x1f\x82\x9e\x00@V\xa2z\xcd{we\xaaTY\xe3\
[\x86\xd7\x053\x8b\xdfa\xa1\xa7\xe9\x86Q\xd1\x18\xe8\
\x10-\xdc\xa7\xdaR\xc9\x18~l0\x1e\xa5\xf9\xd2?\
l\xda\x03kb\xc3\x1f\xa0\xa5\xe2\x80\xe1\xa1\xfb\x07\xcc\
\xe0:Z\xb6\xdbg\x02\xe6\x16a\xcf\xdf\x8c\xdcf\x09\
z\x02\x00\xb9\xb1\xe9?\xdd\x85V\x1atE\x84\x9e\xb4\
\x95zl\xdb\xe6*t\x96\x16\xee\x8f\xa5J\xc6>\xf3\
\xe0\x07b\xfe\xbfk\xde\x04\xac\x98\x0d\x7f\x80\x96\x8by\
\xa3\x8a\xf0\xc0s\xd2\x9c\xef\xd2(\x01\x8b\x8a\xfd\xbd\xcf\
\x06ps\x04=\x01\x80l\xd4eu\x12A'\x1es\
*\x9b\xae\x11\xee\x99\xee\x83v\xc6\xd0=Z\xb8?\xe9\
\xf7\xba\xacv3\xbd6\xc8B\xfa\xfc\x18\x8cG\xe9}\
\xf2\xc9\x1d\x01V\xe4\xc0\x86?@\xfbEEx\xc1\x0b\
\xe0)\xbf)&\x02,\xc3`<:4\xe7\xd8\x1cA\
O\x00 \x0b\x11l\x12\xfc\x9a\xeec\x04D\xa03\x06\
\xe3\xd1\xb9\x07\xc1'\xa9l\x0c\x1d\xa4\x85\xfb\x93|\xe6\
\xc1\x0c\x06\xe3\xd1\xb1V\xee\xc0\x0a\xfc\x1a\xcff\x00t\
\xc3\xb1j\xf0\xc0\x14\x9fc]\x0a`)\x84=7G\
\xd0\x13\x80{,\xee\xb2A\xe9!s\xcb\x0dx\xe4*\
\xc6\x06\xba\xe8XXa\xaa\xd4\xce\xf8 \xc3\xeb\x02^\
N\x85\xee\xc7\xaa\xba\xac\xccu`\x06\x8dV\xeeB\xe3\
\xc02\xa4C\xa5\x0e\x5c\x00t\xc8`<\xfaV\x14\xc5\
~\xac)\x03$\x17\x11\xc8\x02X*a\xcf\xcdHA\
O\x81\x1e\x00`\xa3\xea\xb2J\x8bO\xaf\xdd\x85\xa9\x8e\
c\x81\x0e:'~\xb7\xb52\x9enX\x97\xd5\xab\x1c\
/\x0cX\x5cT\xe8\xfeh\x08\x1f9\x8a\xf9 \xf0\x8c\
h\xe5\x9e\xde/\xbf\x19+\xe0\x05>G\x8b_\x00:\
&\xd6\xdb\x0e\x1c\xae\x06\xa2\xc2\xaf\x82\x02\xc0\xca\x08{\
\xae\x9f\x8a\x9e\x0049\xe5\xc9\xa6\xa8 1\xddET\
\xed\x81\xce\x8a\x961ZJ=\xb6-\x04\x0b\xdd\x14\xa1\
\x0a\x9f{\x8f\x9d\x09\xb8\xc3\xecb\x0e\xf5\x8b\xcf\x13`\
\x01\x9fUu\x02\xe8\xb6\xc1xt\x19\x95=\x85=\xa1\
\xbf\xd2\xb3\xe2\xbeB\x22\xc0\xaa\x09{\xae\xd57\x15=\
\x01h\xba4\x1a\xac[]V'\x11h\xe21\x1b/\
\xf4\xc5\xb1;=U\xaap\xb7\x9b\xe1u\x01/\xe7;\
\xfe\xb1-\x87\x7f`>i\x03\x7f0\x1e\xed\xaa\x14\x0c\
\xccA\xc8\x13\xa0'\x84=\xa1\xd7\x84<\x81\xb5\x12\xf6\
\x5c\x9b\xcb\x9f\x84z\x00h\xf0\x9d\xc0Z\xd5e\xb5#\
\xe0\xf5\xa4\x8f\xd1\xde\x15:o0\x1e\x9d{\x00|\xd2\
0\xd3\xeb\x02^ 6\xdc\x04\xb3\x1e{]\x97\x95\xf0\
\x09\xcc)*\x05\xab\xee\x09<G\xc8\x13\xa0g\x84=\
\xa1\x97\x84<\x81\x8d\x88\xe7\xcd/F\x7f\xa5\xbe\xfe\x14\
\x1f\xf0Z\xf5\x02P\xa8\xf2\xcc\x06\x9cF\xf5&\xee\xbb\
\x12\xee\xa2\x87\x8e-:O\xb5'\xf4\x04\xdd\xa4\x85\xfb\
\x93\x86q\x18\x08\x98\x83\xea\x9e\xc03\x84<\x01zJ\
\xd8\x13zE\xc8\x13\xd8\xb4Ck\xde+s\x9d\x8aD\
\xfd\x14\xff\xf6\xb3\x0e\xfe\x80\x00\xcc)*\xaa\xc1Z\xd4\
eu\x90\x02LF{\xaac\x0f\xe2\xf4M\xfc\xce\x9f\
\xb8\xf1S\xa5\xd0\xd3\xab\x0c\xaf\x0bx9\x81\x8b\xc7\xb6\
\xacS\xc1\xe2\x22D\xfe\xb7\xa2(.\x0c#\x10~\x15\
\xf2\x04\xe87aO\xe8\x05!O`\xe3\xe23h_\
\xd8s%n\xba\xf3N\x82\x9e\x82=\x00(\xa3\xcd\xda\
D`I\xc5\xca\xe9.\x06\xe3\x91p\x03\xbd4\x18\x8f\
\x86\x1e\xfe\xa6\xda\x12\x82\x85n\xd2\xc2\xfdIU]V\
>\xf7`A\xe9t\xff`<J\x8b\xea\xbf\xda\xcc\x87\
\xdeK!\xcf\xd3\xbe\x0f\x02\x00\xf7\xc2\x9e\xd6\xde\xa0{\
\x84<\x81l\x08{\xae\xccM\xb6\xf3&\xe8\x19a\x02\
\x8b~\x00\xfd&X\xc6:\xa5\x16\xcd\xdbF|*U\
6\xe8\xbb\xe3\xbe\x0f\xc0\x13\x8e\xea\xb2\xda\xcd\xf2\xca\x80\
\x17\xd1\xc2\xfdI\x1f|\xee\xc1\xcbD\xb8k\xa7(\x8a\
O\x86\x12z'\xed\xf7\xfc\x22\xe4\x09@\x93\xb0't\
\xd2\xe7\xc1x\xb4+\xe4\x09\xe4D\xd8s%n\xf2<\
?5\xfe\xcd\x1e\xf8\x01\xfa\xebZ\xd0\x93u\xa9\xcb*\
m4~0\xe0S}L\xd5w2\xbc.X\x9b\xc1\
x\x94N\xa4}6\xe2S\xa9\x84\x0c\xdd\xe5\xa0\xc7t\
gQ\x09\x1eXPZX\x1f\x8cG\xe9 \xcd/\xda\
\xb9Co\xa4\x8d\xb4\xdd\x08\xf3\x00\xc0=\x8d\xe0\x85\xf5\
7h\xbf\xb4\xa7dM\x09\xc8\x92\xb0\xe7R]O\x9e\
\xf1\x9bAO\x9b\x86\x00\xfdu\xe6\xa4\x17k\xe4p\xc9\
tW\xe6cp\xebX\xc7\x81\xa9\xf6\xea\xb2\xb2p\x07\
\x1d\xa4\x85\xfb\x93R\x05x-\xdca\x09\xd2\xe7L\xa3\
\x9d\xfb\x951\x85\xce\x9aTtr\x88\x14\x80'\xc5a\
\xa0C\xcf\xa1\xd0Zi\xed\xfc\xd7\xe8\x12\x03\x90-a\
\xcf\xa5\xb9-\xdav\x1b\xf4\x8c\x07\x7f\xa7\xba\x01\xfa\xc9\
\x83\x00kQ\x97\xd5A\x0a*\x19\xed\xa9\x8e\x05\xae\xe1\
\xbbx/\xf8n\x9an\xa8\xba\x1dt\x93\x16\xeeO:\
\x8a9$\xb0\x04\xa9\x8d\xf3`<\xda\x89M}\x07k\
\xa0;&\x9b\xfd\x0e\x86\x010\xb3x\x0e\xfd\x87y!\
\xb4JZ;\xdaO\xcfvn\x1b\xd0\x06\xc2\x9eKq\
\xfb\x99\xff\xd3\x83\x7f\x9b\xcdT\x80\xfe\xf9\xec\x94?\xeb\
\x10\xc1$\x15+\xa7\xbb\x18\x8cGg\x8b\xfc\x0f\xa1\xab\
\x06\xe3\xd1\xd0C\xdfT[>K\xa1\xd3\x843\xa6;\
\x15r\x87\xe5\x8aM\xfd\x14\xf8\xfcdh\xa1\xf5l\xf6\
\x03\xb0\xb0X\x97\xde\xb5\x0e\x07\xad\xf0%\xe6}\x97n\
\x17\xd0&\xc2\x9e/r5\x18\x8f\xce'\xff\x82{A\
\xcf\xf8\x07_Z\xf5\xe3\x00\xf0\x12\xd7B\xfe\xac\xd1I\
\xb4\xdf\xe41\xa1\x0e\x98\xee\xd8\xb8L\xf5\xbe.\xab\xfd\
\x0c\xaf\x0bx!-\xdc\x9f\xb4\xd5lO\x03,G\xb4\
\xecL\xf3\xad\xbf\xa5C\xa0\x86\x15Z\xe9c\xb4j\xb7\
\xd9\x0f\xc0\xc2R1\x90\xf4}\xe2\x10\x10d+\xed\xe7\
\xfe6\x18\x8f\x0et\x86\x03\xda*>\xbf\x0eU\x12\x9f\
\xdb\xbd\xe2/\x0f+z\x16\xb1\x99jP\x01\xfaa\xa8\
\x9a'\xebP\x97UZ$:2\xd8S}\xf4>\x84\
\xe9\xe2 \x9a\xd0\xc1t\xaazBGi\xe1\xfe\xa4\xbd\
\xba\xac\x1c\x00\x80\x15\x88\x8d\xfdC\x81Oh\x95\xab\xa2\
(\xfe\x1e\xf3\x06\x00X\x8a8\x04\xf4\xf7\xf8\x9e\x01\xf2\
\x90\xd6\x88v\xa3\x03\x16@\xab\xc5!\xc5}\xb9\xc4\x99\
]7\xdb\xb6\x17\xd3\x82\x9e\x114\xb08\x00\xd0}#\
\x8b\xc1\xac\x91\x07\xd0\xe9\xae\x8c\x0d<\xcbA\xb4\xe9*\
\x81'\xe84\xd5\xbe\xa7;\x89\x03D\xc0\x0a\x08|B\
k\xa4\x03\xa3;\xcd\xd6m\x00\xb0,\xf1\xfd\xa2\xba'\
\xe4aR\xbd]\xb1\x10\xa03\x84=\xe72|X\xc9\
yZE\xcf\x22N\x03\x5cdw\xf9\x00,\x93\xcdc\
\xd6\xa2.\xab\xf4\xbb\xb6g\xb4\xa7:\xd6f\x03~,\
\xde#\x0e&L\x97\x02O\xafr\xbc0\xe0e\xb4p\
\x7f\xd2\xd6\xc3\x13\xcc\xc0\xf2\x09|B\xb6\xd2\x9e\xcd/\
\x0en\x03\xb0ji=NuO\xd8(\xf3>\xa0\xd3\
\x84=gr=\xad`\xd4\xd4\xa0g80\xa0\x00\x9d\
\xf5k|y\xc2JE\x00I\xc5\xca\xe9.\x06\xe3\xd1\
Y\x8e\x17\x06\xb9\x89\x83h\xda\x18?\xb6\xe53\x16\xba\
K\x0b\xf7'\xa5\x8a\xc6>\xfb`\x0d\xa6\x04>\xad\x15\
\xc3f\x5c\xc7Z\xde\xbe\xf5<\x00\xd6\xa9Q\xdd\xd3A\
DX\x8f4\xef\xfb\xcd\xbc\x0f\xe8\x83\xf8\x9c\xdb\xb1\x06\
\xfe\xa4G\xd5<\x8b\x1f\x05=\xe3\xffYz\x16\xa0{\
>\x0f\xc6#UpX\x97\x93\x08\x22\xf1\x98\xaa\xba0\
\x1fm\xca\xa7{_\x97\xd5~\x8e\x17\x06,\x85\xf9\xc2\
tG>\xfb`}\x1a\x81\xcf\x9d\xd8\xe4\xb7^\x0c\xeb\
\x93\xdes;\xd6\xf2\x00\xd8\x94\xa8\xeey\x12\x87\x7ft\
\x04\x85\xd5\xf9\x1c\xf3>\x87[\x81\xdehd\x13\x85=\
\xef\xbbz\xaa\xaa\xf3\x8f*zN\xd2\xb36T\x01\xba\
\xe3sl\xce\xc0\xca\xd5e\x95N\xfa\x1e\x19\xe9\xa9>\
\xa6\xcd\xd2\x0c\xaf\x0b\xb2\x15\x15\x04\xb4\x0e\x9d\xce\xe2\x1f\
t\x94\x16\xee?t\x1a\xd5\xe3\x815\x99l\xf2\x0f\xc6\
\xa3\xf4\xde\xfb\xd5\x22<\xacTz\xf6\xf9[\xbc\xe7\x1e\
U\xf0\x00\x80u\x8b\xc3?\xfb\xda\xb9\xc3\xd2M\xda\xb4\
\x1f\x9a\xf7\x01}$\xec9\xd5\x93\x99\x9e\x1f\x06=\x8b\
\xef\x03z\x1a\x0bw\x00\xb4\xdb\x17!O\xd6L\xf0h\
\xba+c\x03\x0b;VAj\xaa\xd4\xc6\xd8\x01=\xe8\
(-\xdc\x9f\xb4\x9d\xc2\x9e\x99^\x1bt^Z3\x1e\
\x8cG\xbb\xb1\xd1\xef0\x0e,\xcf$\xe0y\xe8\x80(\
\x009J\x87\xb1\x07\xe3\xd1N\xe4\x07\x04>aq)\
\xe0\xf9wm\xda\x01\x84=\x1f\xf8\x14\xc5o\xa6z6\
\xe8Y\xdc\x0f{\xdaT\x05h\xa7T\xc9\xf3\xc0\xbdc\
]\x22p\xb4g\xc0\xa7:v*\x13\x16\x13\xef\x9d\xa9\
\xad\x0a(NT\xb6\x83N\x13\xe6\x9e\xeeu]V\x0e\
\xb3\xc1\x06\xc5F\x7fz\x1f\x96EQ\xfcf\xb3\x1f\x16\
\xf6%6\xfa\x05<\x01h\x858\xf8#\xf0\x09\xf3K\
\xef\x97_#\xe0\xf9d\x90\x07\xa0o\x84=o\x8c\x06\
\xe3\xd1\x0f\xf7\x02f\x0az\x16wa\xcf}aO\x80\
\xd6\xf9\xa4\x92'\xeb\x14A#A\xac\xe9.\x06\xe3\xd1\
Y\x8e\x17\x06m1\x18\x8f\x86N\xf4M\xb5\xa5\xb2\x1d\
tW,\xfc\x7fr\x8b\xa7\x1a\xd6e\xb5\x93\xe1uA\
\xafD[\xf7al\xf6\xab\xf2\x09\xb3\x9bT\xf0<\xb0\
\xd1\x0f@\x1b\x09|\xc2\xcc.\x22\xe0\xb9\x13\xd9\x1b\x00\
\x1eh\x84=\xfb\xb8\xae\x94\xf2\x98\xcf\x16o\x9b9\xe8\
Y|\x1f\xd0T2z'\xbe\x84\x00\xc8[\xfa\x22\xf8\
\xc7s\x89\x7fX\x81a\x04\x8exL\xe8\x1a\x96\xc3w\
\xdbt\xa9\xb2\xdd~\x8e\x17\x06,\xc5\x89M\xb3\xa9\x04\
\xdd!3\x0f\xaa|\xfe\xea\x90\x0e<r\x1d\x078\xb4\
h\x07\xa03\x04>\xe1I\xcd\x16\xed\xd6/\x00\x9e\x11\
\x87\x89\x0f{\x18\xf6<\x98e}`\xae\xa0gq7\
\xa0i\xf3\xf0\xa3\xea\x9e\x00\xd9J\x0f\x0d\xbb*\x07\xb2\
n\x110zo\xe0\xa7\xfah\xf3\x06\x96#*\xdd\xa8\
\x125\x9d\xc5B\xe8\xa88\xcd\xec\xd0\xc8t{uY\
\xa9(\x0f\x99\x89u\xe4\xb4\xe1\xbf\x9b\x02m\xb1\x9el\
\xd3\x9f>K\xbf\xff\xbf\xa5b\x1a\xe9`\xb65\x02\x00\
\xba\xa8\x11\xf8LU\xde\xbf\xb8\xc9\xf4\xd4u\xa3r\xbb\
\x16\xed\x00\x0b\x88\xb0\xe7\xc7\x9e\x8c\xdd\xaf\xb3~W\xcc\
\x1d\xf4\x9c\x18\x8cGi\x01}\xd7\x04\x0d +WQ\
\xc5s\xdfb1\x1b24\xf0S]\x19\x1bX\xbac\
\x07\xcf\xa6\xda\x16v\x82\xee\xd2\xc2\xfd\x87>\xd4e\xb5\
\x9b\xf1\xf5A\xaf\xa55\x8a\xb4\x9e\x1c\x9b\xfe\xbf\xc4g\
\x99\xd0'}\xf1%\xaa8\xa5\x80\xe70\x0eo\x00@\
\xa7E\x95\xf7\x03\x07~\xe8\x99\xe6\xc1\x1e\x95\xdb\x01^\
(\xb2\x89\xbfv|\x1c\x7f\x9d\xa7\xe2\xf3\xc2A\xcf\xe2\
n\x81\xee N\xe4h\xe7\x0e\xb09WQ-pG\
\x15O6\xa5.\xab\x14\xba\xaa\xdc\x80\xa9\x8em\xe4\xc0\
r\xc5{J\xa0q\xba\xe3\xba\xacvr\xbc0`)\
\xb4p\x7f\xdai]V\xafr\xbd8\xe0\xbb\xc1xt\
\x19\xd5\x0c\x85>\xe9\xb2\xc9&\x7f\xaa\xe2t\xa0\x8a\x13\
\x00}\xf5\xe0\xc0\xcf?\x14\x91\xa2\x83&\xd5;\x7fq\
\xb0\x07`\xf9\x22\x04\xf9KG\x8b\xbf\xcc\x15\xf2,^\
\x1a\xf4\x9c\x88\x139\xfb1\xb0\x9fU\xd6\x01X\x9b\x8b\
\xf8\xf0\xdf\x89\xd3\x0c\xb0\x11\xb1\xa1\xeewp\xba\x0b\x01\
lX\x8d\xb4hV\x14\xc5\xc8\xf0>\xb2\xa5\x8a0t\
\x97\x16\xee?T\x99\x93B\xbb<\x08}\xfe-\x82q\
\xe6w\xb4\xd5u\x04\x97\x9b\x9b\xfc\xaa8\x01@H\xeb\
\xe4QD\xaa4\xef\xa3\x03\xbe\xc4\x1e\xed\xab\xa8\xdey\
\xe9\xa6\x02\xacF|\xc6\xa6nN]\x99;\x5cG\xa7\
\xde\xb9B\x9e\xc9\xcf\xcb\xbc\x8a\x18\xd8\x9b\xcd\x86\xba\xac\
\xd2$-\xbdR\x00t{\x99\xff\x1d\x80\x9eK\xe1\xce\
\x14\x1a;\xb3XLF\x86\x11,\xe21A\x0cX\xad\
TM\xf8/c\xfc\xc8\xeb\xba\xac\xf6U\x0e\x82nJ\
\xef\xed\xba\xacR\x90\xe4\xc8-~\xe4\xa8.\xabs\x07\
m\xa0}b\x8d#=[\x0e\xe30\xe1dm\xf9\xc0\
\xf3&\x19\xbbn\xac\xd3\xf9\xee\x01\x80\x19\xc4\x01\xc6\xc9\
\xbco'\xe6{\x87:\x86\xd1\x02_\x1as?U;\
\x01\xd6(\xd6\x8dv\xeb\xb2\x1a\xb6|]<u\x009\
X\xf4\x80\xc0R\x83\x9eM\xb1\xa8q\xb3\xb0\x11\x13\xb4\
\xddx\xed\xc4\x0b\x80\xe7\xa5\x87\x84\xf4\x01\x9f\xbe\xb4\xbe\
\x0ak\x90\xa3\xf8\x9e\xdf\x89\x102\xf7\x09d\xc3\x8aE\
\xd8\xe9c\x84\x00\xb8/-\x90\xe76w\xe8\xf2\xc9v\
\x9f\xf7\xac\xdbI\xcc\xc1\xb4*\x7f\xecp\xb2&\xd5q\
_\xcd\xc1\xe9\xaa\xd84=\x8dWz\xee\xdcm\x04?\
\xf7\xdcx6\xec*\xe6\xd9\xc2\x9d\xb0\x98o\xe60\xc0\
\xc4\x83\xc3>;\x8d9\xdfk\x83D\x06&\x87z\xce\
\x85;;\xaf\x8fk,\xaa\xd0\xd2J\xa93L:\xe8\
\x1fkFm;\x18\x9c\x0e\x0c\x1c\xbe\xe4\xfb\xe4\xff\xfe\
\xf7\xbf\xff-\xf7\x92\x00\x00\x00\x00\x00`ER\xe5\xf2\
\x08\x00\x08~\xb2.\xa3F\xf5&\x1b\xa2\x00\xb0bQ\
\xe1}\xbfQ\xe1]\x07Q\xd6e\xd4\x08v*\xc0\x03\
\x90\xa9\x98+\x9c\xb6\xe4pH:0z\xbc\x8c\xc3\xa2\
\x82\x9e\x00\x00\x00\x00\x00\xb4\xd6\x83\xe0\xe7\xaeV\xef,\
\xc1\xa4j\xa7\xeaM\x00\x90\x81\xa8\xf6\xd9\x9c\xf3\x09~\
\xb2,\xb7\xd5\xda\xd3\x9f\xe6}\x00\xed\x12kB\xa9:\
x\x95\xe1\x85_O*\x97/\xeb\xfbE\xd0\x13\x00\x00\
\x00\x00\x80\xce\x88V\xef\xbb\x8d\xe0g\x8e\x8b\xfd\xe4\xa5\
\x19\xec<\x8f6\xb2\x00@\xa6\x1e\x04?\xcd\xf7\x98\xc7\
E\xb4\xac>\x17\xec\x04\xe8\x8e\xba\xac\x0e\x8b\xa28\xc9\
\xe40\xc8\xd2\x03\x9e\x13\x82\x9e\x00\x00\x00\x00\x00tZ\
Tx\xd8m\xbc\x84\x01\xfam\xd2\x92\xf3R\xb0\x13\x00\
\xda/\xda\xb76\x0f\xfa\xec\xaa\xfaI\xcc\xf9.'/\
\xad\xd8\x01\xba/\xd6\x7fR\xe8\xf3`\x03\x1d_F\x11\
\xf0\x5cYg\x10AO\x00\x00\x00\x00\x00z'*\x7f\
\xee4B\x01;\x02\x01\x9dd\x83\x1f\x00z\xa8\x11\xfe\
\x9c\xbc\xd2\x5co\xcf\xefB']7\xe7{EQ|\
5\xe7\x03\xa0.\xab\x83F\x05\xf0U\x1c\xf8\xbdnt\
\x079[\xc7!RAO\x00\x00\x00\x00\x00\x08Q\xfd\
\xa1\x19\x0cx%\x14\xd0\x0a6\xf8\x01\x80gE\xdb\xf7\
\x9dF\xf8s\xd7\x81\x9f\xd6H\x07x\xbeE\xa0\xe6k\
\xbc.\xb5_\x07`\x16\x0f\xd6{\x8a\x08\x80>\xf4p\
\xfd\xe7*\xbeo\x8a\xf8\x0e\xbal|\xff\x5c\xae{\xe0\
\x05=\x01\x00\x00\x00\x00\xe0\x19\x8d\xaaP\xd3\xfe\xd4\x0a\
~}.\x1el\xae\x08t\x02\x00K\xd1\x08\x81>|\
\x99\xef\xad\xc7E\xfcW.\x1b\xf3\xbdo\xc2\x9c\x00\xf0\
\x9d\xa0'\x00\x00\x00\x00\x00,AT\x87(\x1aA\xd0\
f\xa5\x08\x95\xa2\x9e7\xa9\xcaYD\xa5\xa6\xc2\x06?\
\x00\x90\x93\xba\xac\xa6\xcd\xf3\x1e\xfe\xb5P\xe8\x9d\x8b\xc6\
_O\xe6uEc\xae\xf7m\x13\x15\xd1\x00\xa0\x8d\x04\
=\x01\x00\x00\x00\x00`\x8d\x1a\x01\x81\xa2Q-j\xa2\
\xf9\xcf\x8a\x96\x07D\x9b\xc1\xcd\xe2\xc1\xe6\xfe\xd7F\xfb\
3!N\x00\xa0\x93\x1aUB\x9b\xa6\xb5\x8a\x9d\xf6\xff\
\xf7P\x9a'n\xad`\x9c\x9ami\x9f\xd2\x9c\xc7M\
|{0\xd7+\xcc\xeb\x00`u\x04=\x01\x00\x00\x00\
\x00\xa0E\x1am\xe4\x9f\xf2\xdc?\x7f\x89i\x1b\xfa\x13\
6\xf6\x01\x00\x00\x00V@\xd0\x13\x00\x00\x00\x00\x00\x00\
\x00\x00\x00 S?\xb91\x00\x00\x00\x00\x00\x00\x00\x00\
\x00\x00y\x12\xf4\x04\x00\x00\x00\x00\x00\x00\x00\x00\x00\xc8\
\x94\xa0'\x00\x00\x00\x00\x00\x00\x00\x00\x00@\xa6\x04=\
\x01\x00\x00\x00\x00\x00\x00\x00\x00\x002%\xe8\x09\x00\x00\
\x00\x00\x00\x00\x00\x00\x00\x90)AO\x00\x00\x00\x00\x00\
\x00\x00\x00\x00\x80L\x09z\x02\x00\x00\x00\x00\x00\x00\x00\
\x00\x00dJ\xd0\x13\x00\x00\x00\x00\x00\x00\x00\x00\x00 \
S\x82\x9e\x00\x00\x00\x00\x00\x00\x00\x00\x00\x00\x99\x12\xf4\
\x04\x00\x00\x00\x00\x00\x00\x00\x00\x00\xc8\x94\xa0'\x00\x00\
\x00\x00\x00\x00\x00\x00\x00@\xa6\x04=\x01\x00\x00\x00\x00\
\x00\x00\x00\x00\x002%\xe8\x09\x00\x00\x00\x00\x00\x00\x00\
\x00\x00\x90)AO\x00\x00\x00\x00\x00\x00\x00\x00\x00\x80\
L\x09z\x02\x00\x00\x00\x00\x00\x00\x00\x00\x00dJ\xd0\
\x13\x00\x00\x00\x00\x00\x00\x00\x00\x00 S\x82\x9e\x00\x00\
\x00\x00\x00\x00\x00\x00\x00\x00\x99\x12\xf4\x04\x00\x00\x00\x00\
\x00\x00\x00\x00\x00\xc8\x94\xa0'\x00\x00\x00\x00\x00\x00\x00\
\x00\x00@\xa6\x04=\x01\x00\x00\x00\x00\x00\x00\x00\x00\x00\
2%\xe8\x09\x00\x00\x00\x00\x00\x00\x00\x00\x00\x90)A\
O\x00\x00\x00\x00\x00\x00\x00\x00\x00\x80L\x09z\x02\x00\
\x00\x00\x00\x00\x00\x00\x00\x00dJ\xd0\x13\x00\x00\x00\x00\
\x00\x00\x00\x00\x00 S\x82\x9e\x00\x00\x00\x00\x00\x00\x00\
\x00\x00\x00\x99\x12\xf4\x04\x00\x00\x00\x00\x00\x00\x00\x00\x00\
\xc8\x94\xa0'\x00\x00\x00\x00\x00\x00\x00\x00\x00@\xa6\x04\
=\x01\x00\x00\x00\x00\x00\x00\x00\x00\x002%\xe8\x09\x00\
\x00\x00\x00\x00\x00\x00\x00\x00\x90)AO\x00\x00\x00\x00\
\x00\x00\x00\x00\x00\x80L\x09z\x02\x00\x00\x00\x00\x00\x00\
\x00\x00\x00dJ\xd0\x13\x00\x00\x00\x00\x00\x00\x00\x00\x00\
 S\x82\x9e\x00\x00\x00\x00\x00\x00\x00\x00\x00\x00\x99\x12\
\xf4\x04\x00\x00\x00\x00\x00\x00\x00\x00\x00\xc8\x94\xa0'\x00\
\x00\x00\x00\x00\x00\x00\x00\x00@\xa6\x04=\x01\x00\x00\x00\
\x00\x00\x00\x00\x00\x002%\xe8\x09\x00\x00\x00\x00\x00\x00\
\x00\x00\x00\x90)AO\x00\x00\x00\x00\x00\x00\x00\x00\x00\
\x80L\x09z\x02\x00\x00\x00\x00\x00\x00\x00\x00\x00dJ\
\xd0\x13\x00\x00\x00\x00\x00\x00\x00\x00\x00 S\x82\x9e\x00\
\x00\x00\x00\x00\x00\x00\x00\x00\x00\x99\x12\xf4\x04\x00\x00\x00\
\x00\x00\x00\x00\x00\x00\xc8\x94\xa0'\x00\x00\x00\x00\x00\x00\
\x00\x00\x00@\xa6\x04=\x01\x00\x00\x00\x00\x00\x00\x00\x00\
\x002%\xe8\x09\x00\x00\x00\x00\x00\x00\x00\x00\x00\x90)\
AO\x00\x00\x00\x00\x00\x00\x00\x00\x00\x80L\x09z\x02\
\x00\x00\x00\x00\x00\x00\x00\x00\x00dJ\xd0\x13\x00\x00\x00\
\x00\x00\x00\x00\x00\x00 S\x82\x9e\x00\x00\x00\x00\x00\x00\
\x00\x00\x00\x00\x99\x12\xf4\x04\x00\x00\x00\x00\x00\x00\x00\x00\
\x00\xc8\x94\xa0'\x00\x00\x00\x00\x00\x00\x00\x00\x00@\xa6\
\x04=\x01\x00\x00\x00\x00\x00\x00\x00\x00\x002%\xe8\x09\
\x00\x00\x00\x00\x00\x00\x00\x00\x00\x90)AO\x00\x00\x00\
\x00\x00\x00\x00\x00\x00\x80L\x09z\x02\x00\x00\x00\x00\x00\
\x00\x00\x00\x00dJ\xd0\x13\x00\x00\x00\x00\x00\x00\x00\x00\
\x00 S\x82\x9e\x00\x00\x00\x00\x00\x00\x00\x00\x00\x00\x99\
\x12\xf4\x04\x00\x00\x00\x00\x00\x00\x00\x00\x00\xc8\x94\xa0'\
\x00\x00\x00\x00\x00\x00\x00\x00\x00@\xa6\x04=\x01\x00\x00\
\x00\x00\x00\x00\x00\x00\x002%\xe8\x09\x00\x00\x00\x00\x00\
\x00\x00\x00\x00\x90)AO\x00\x00\x00\x00\x00\x00\x00\x00\
\x00\x80L\x09z\x02\x00\x00\x00\x00\x00\x00\x00\x00\x00d\
J\xd0\x13\x00\x00\x00\x00\x00\x00\x00\x00\x00 S?\xbb\
1\x00\x00yz\xf3\xf6\xdd\xab\xa2(v\xa7\x5c\x5c\xfa\
{\xaf\xd6x\xd1\xdf\x8a\xa2\xb8\x9c\xf2\xf7/\xff\xfd\xaf\
\x7f~[\xe3u\x00\xc0\x8b\xbcy\xfbn\xff\x99\xff\xfd\
s\xff|\x16O}oN|\xfb\xf7\xbf\xfe\xf9\xa3\x7f\
\x0e\x00\x00\x00\x00\x00p\xcf\xff\xfd\xef\x7f\xff3\x22\x00\
\x00k\xf0\xe6\xed\xbb\x9d\xa2(v\x22\xa49\x09pN\
\xfe^\x11\x7f\xbfj\xf1\xbd\x18E\xb8%\xf9\x1a\xaf\xe4\
|\xf2\xf7\xfe\xfd\xaf\x7f~}\xe2\x7f\x0b\x003k\x04\
6\x9b\xdf\xa3\xcd\xbf.\xe2\xbbv\xab%\xa3z\xd5\xf8\
\xde,\x22(:\xf9N\x9d|\x8f\x0a\x88\x02\x00\x00\x00\
\x00@O\x09z\x02\x00,Q\x04O&A\x93\xddF\
\xa8\xb3-A\x93u\xb8j\x04A\xbfN\xc2,\xff\xfe\
\xd7?\xcf7\x7fi\x00\xe4\xe0\xcd\xdbw\x93\xef\xd0\xfd\
\xc6wi\xdb\x0fD,\xd3E\xfc\xbb\xce\x1b\x15D\x1d\
\xa8\x00\x00\x00\x00\x00\x80\x8e\x12\xf4\x04\x00X@\x04P\
\x1e\xbe\x849_n\x12\x02=\x8f\xd0\xca\xa5\xd0\x0a@\
wE\xb5\xeb\xe6\xf7\xe9\x8e0\xe7\x8b]4\x0eS\x9c\
\xc7w\xe9\xb7\x15\xff7\x01\x00\x00\x00\x00\x80\x15\x12\xf4\
\x04\x00xF#\x84\xb2\x1f\x7f\xee\x19\xb3\xb5\xba\x8e\xd0\
\xe7$\xfcy.\xb0\x02\xd0>o\xde\xbe{\xd5\xf8>\
\xddW\xf1z\xad\xae\x9a\xdf\xa5\xaah\x03\x00\x00\x00\x00\
@\xbb\x08z\x02\x00<\x10A\x94\x83F\x10e\xdb\x18\
eg\x14a\x95s\xc1\xcf\xd5i\xb4N\x86[\x02b\
\xcc\xe3\xcd\xdbw\xcd\xefS\x95:\xf3r\x11\xdf\xa3g\
\xff\xfe\xd7?/\xfb>\x18\xab\xd0\x087\xe7\xec\x9b\xfb\
\xdfNo\xde\xbe\xdbo\xc1\x85gUQ\xb8%\xefI\
6C\xf5k\x00\x00\x00 {\x82\x9e\x00\x00w\x81\xb6\
CA\x94\xd6Ja\x95\xb3\x08\xabh\xf5\xbe$o\xde\
\xbe;W\xc1\x96\x19\x5cE\x8b\xe8\x22Bc\xdf\xa2r\
\xe0W\xef\xc7\xfe\x89*\xd8\x93p\xe7\xeb\xbe\x8fG\x8b\
\x5cOB\x9f\xf1]*\xec\xb2\x04\x11\xc4\xfb+\xf3\xcb\
\xbc\xf8\xf7\xbf\xfe\xd9\x86\xc0 \x0f\xbcy\xfb\xae\x0d\x8b\
\xba\x7f\xcf\xe9\x80HK\xde\x93\xe4\xc1\xfc\x16\x00\x00\x00\
\xc8\xce\xcfn\x09\x00\xd0W\x8dp\xe7\x81\xaa\x9d\xad\xb7\
\x17\xaf\xdf\xdf\xbc}7\xa9\xf69\xb4\x09\x07k\xb1\xdd\
\xf8\x0c\xbd\x17\x0c~\xf3\xf6\xddul\x8a_\xaa\xc0\xdb\
]\x8dp\xe7\xa1\xc3\x12\xad\xb5\x15\xc1\xdc\xf4\xfa\xe3\xcd\
\xdbw_\x84>\x01\xe8\xb1Y\xe6\xb7\xe7\x93?}W\
\x02\x00\x00\x00\xeb \xe8\x09\x00\xf4J\x84Q\x8e\x85;\
;\xad\x8a\xd7Q\x84>O\xd3\xcb\xe6\x1bl\xc4V#\
\x88}T|\xff\x1c\x1e5B\x9fgnK;E\xfb\
\xdb\x83\xf8N\x15\xee\xec\x9eG\xa1\xcf\x7f\xff\xeb\x9f\xa7\
}\x1f\x14\x00x0\xbf\xbd\xd1\x98\xdf\xa6\xe7\xceK\x83\
\x04\x00\x00\x00\xac\x82\xa0'\x00\xd0\x0bo\xde\xbe;\x8c\
Jc\xdaP\xf7K\x0a\x1f\xfd\x1e\x95>?\xc7\xc6[\
6\xed#\xa1\xa7\x9aa\xec\xebF\xd5@\xa1\xcf\x16\x88\
\xb6\xb7\xe9\xfb\xf4}\xdf\xc7\xa2GnB\x9fo\xde\xbe\
\x1b\xc6\xe1\x09\x15\xb3\x01\xe0\xbe\xe6\xfc\xf6*\xe6\xb7B\
\x9f\x00\x00\x00\xc0R\x09z\x02\x00\x9d\x15\xd5\xc6\x8e\xe3\
\xb5\xe5N\xf7^\x0a%\xbd\x8f\x8d\xb7\x13\x95\xc9 \x0b\
[\x0f\xde\x9bgBdy\x8a\x03\x13\xaaw\xf6\xdbV\
T\xe6=\x8a*\x9fC\x87'\x00\xe0\x91\xed\xc6\xf7e\
\x9a\xdf\x0eu\x98\x00\x00\x00\x00\x96A\xd0\x13\x00\xe8\x9c\
F{\xf6C\x01O\xa6\xd8\x8eV\xb4\xc3\xd8t\x1b\xda\
t\x83,l\x0b\x91\xe5'\x02\x9e'q\x7f`bR\
\xe5\xf3\x22\xde\xab*\xf2\x02\xc0c\xdb\xd1a\xe2\xe4\xcd\
\xdbw\xaab\x03\x00\x00\x00/\xf2\x93\xe1\x03\x00\xba\x22\
U\xf0\x8c\xf0\xde\x7f#,$\xe4\xc9\x8f\xa4\xdf\x8f\x0f\
EQ|}\xf3\xf6\xddIT\x80\x05\xf2\x90Bd\x7f\
\xbdy\xfb\xee<Z\x85\xb3f)\xe0\xf9\xe6\xed\xbb\x14\
D\xf8C\xc8\x93\x1f\xd8+\x8a\xe2\xcf7o\xdf]z\
\xaf\x02\xc0\x93&U\xb1\xff\x9b\x02\x9fq8\x15\x00\x00\
\x00`.\x82\x9e\x00@\xebE\xc03U\x1b\xfb\x1a\x9b\
'0\x8ff\xe0\xf3\xd0\xc8AV\xf6\x1a\x81O\x1b\xe2\
k\xf0\xe6\xed\xbb\x03\x01O\x16P\x09g\x03\xc0L\xde\
\x17Eq\xe9\xb0!\x00\x00\x000/AO\x00\xa0\xd5\
R %m\x92DPO\x05O^b+Z\xba\xab\
J\x06\xf9\xd9\x8b\x0aH6\xc4W\xe4\xcd\xdbw\xbb)\
\xa4\x97\xaa3\x0ax\xf2\x02\x93p\xf6\xa9\xf7*\x00<\
ir\xd8\xf02\xd64\x00\x00\x00\x00\x9e%\xe8\x09\x00\
\xb4RT\xf1<\x13Ha\x05*!\x15\xc8\xd6dC\
\x5c\x18{I\xe2\xfbtX\x14\xc5\x7f\x22\xa4\x07\xcb\xf0\
>*e\x1f\x1bM\x00xRZ\xcb\xf83\xadmx\
\xf6\x04\x00\x00\x00\x9e#\xe8\x09\x00\xb4NT\xbcHm\
e_\xbb{\xac\xd0$\xa4\xa2\xc2\x0a\xe4e;\xc2\xd8\
C\xf7\xe5e\x220\x9b\xaab\x1f\xb5\xf9\xe7 [\xa9\
Z\xd9\xef\xd1\xce}\xc7m\x02\x80'\xbd\x8egO\x87\
\x99\x00\x00\x00\x80'\x09z\x02\x00\xad\xf1\xa0\x8a\xa76\
\xed\xac\xc3\x96\x0a+\x90\xad\xa37o\xdf]\x0a\x90-\
&\x82\xb2\x7f\xa9\x8a\xcd\x1a\xfc\x7f{ws\x15\xc9\xb1\
\xae\x0b8\xb5\x97\xe6\xf4\xb5\x00d\x01\xc8\x02\x90\x05M\
\x0fjP5i\xda\x82F\x16\x88\xb6@\xb4\x05\xa2'\
\x99\x83\x1cl\xda\x82\x0d\x16l\xb0\xe0\x82\x05\x17,\xd0\
]\xd1\x8a\xd2.\xd1\xfc\xd7_|\x91\xcf\xb3\x16K:\
::GAdeEH\xf1\xc6\xf7\xedjM\x0b\x00\
O\xda\xc8\x97\x99\x8eL\x15\x00\x00\x00p\x1fAO\x00\
 \x84\xd1x\xb2\x93\xab\x8e\xa9\xe2\xc9:\xbc\xcd!\x95\
\x1d\xb3\x0fE\xd9\xd6\xca\xfdeR06\x05dU\xf1\
d\xc5\xa6\x17'N\x5c\x9c\x00\x80G\xfd\xe6\xa2!\x00\
\x00\x00p\x1fAO\x00\xa0x\xa3\xf1\xe4\xa0i\x9a3\
U\xc7X\xb3\xf4\xf9\xfbo\xfe<\x02\xe5\x98V?\xf2\
n>!WT\xbc\xc8\x01YX\x87\xf7iO\xe7\xe2\
\x04\x00<\xeam^/\x85=\x01\x00\x00\x80\xbf\x09z\
\x02\x00E\xcbm\xcb\xfe\xd0\xaa\x9d\x82\xfc\x91*\x92y\
 P\x9c\xf4n\x1ez,\xf7\xcb\xeb\xe9\xbf\xad\xa7\x14\
`;\x87WT\xe2\x05\x80\x87m\xeb*\x01\x00\x00\x00\
\xcc\x12\xf4\x04\x00\x8a\x95\xc3t\xbfyB\x14\xe8\xfdh\
<Qa\x05\xca\xf3\xbb \xf6\xf7\xac\xa7\x14H%^\
\x00x\xda\xa6J\xd8\x00\x00\x00\xc0\x94\xa0'\x00P\xa4\
\x1cJy\xef\xe9P\xb0]\xed\xf4\xa0H\xef\x85=\xff\
\x92\xbe\x9fF\xe3\xc9\x85\xf5\x94\x82\xa5J\xbc\xc7\x1e\x10\
\x00<hC\xd8\x13\x00\x00\x00h\x04=\x01\x80\x12\x09\
y\x12\xc8\xb6\xb0'\x14\xe9\xfd\xd0\xdb\xb8\xe7\xef\xa5\xb3\
\xfc=\x05%\xfb(\x9c\x0d\x00\x8f\x9a\x86=\xb7L\x13\
\x00\x00\x00\x0c\x97\xa0'\x00P\x14!O\x02\x12\xf6\x84\
2\xfd>\xd4\xb6\xd0B\x9e\x04\xa4\x12/\x00<.\x85\
=O\xfd{'\x00\x00\x00\x0c\x97\xa0'\x00P\x0c!\
O\x02\x13\xf6\x842\xfd1\xb46\x97B\x9e\x04&\xec\
\x09\x00\x8f\xdb\xce\xfb<\x00\x00\x00`\x80\x04=\x01\x80\
\x22\x08yR\x01aO(\xd3`\xda\x5c\x0ayR\x01\
aO\x00x\xdc\xb6\xb5\x12\x00\x00\x00\x86I\xd0\x13\x00\
X\xbb\xdcZW\xc8\x93\x1a\xa8\xb0\x02\xe5\xf9\xd6\xe6\xb2\
\xf6\xe7\x22\xe4IE\x84=\x01\xe0q\xef\xf3\x7fG\x01\
\x00\x00\x00\x06D\xd0\x13\x00X\xab\xd1x\xb2\x97Z\xeb\
z\x0aTD\x85\x15(Oz/\x8f+\x7f.'B\
\x9eTD\x80\x05\x00\x1ew<\x1aOv\xcc\x11\x00\x00\
\x00\x0c\x87\xa0'\x00\xb06\xb9\x95n\xf5U\xd6\x18\xa4\
\x14P9\xf4\xe8\xa1(\x1f\xf3\xe5\x82\xea\xe4\x10\xeb[\
\x1f7*\xf3G\xad\xef,\x00,\xc0F\xbe\xe8\x03\x00\
\x00\x00\x0c\x84\xa0'\x00\xb0N\xa7\xf9p\x02j\xf4\xbb\
\x0a+P\x9c\x93\xdc\xe2\xbc\x1a\xb9\xea\xe1G\x1f5*\
u\x9a/\x06\x01\x00\xdfKU\xeb\x8f\xcc\x0b\x00\x00\x00\
\x0c\x83\xa0'\x00\xb0\x16\xb9\xfa\x98\x16\xb3\xd4\xee\xb4\xb6\
P\x19\x04\xb7\xd94M5\xd5vs\x98\xbc\xf6\x96\xf4\
\x0c\xdb\x86\xb5\x14\x00\x1e\xf5\x9b\x0b\x86\x00\x00\x000\x0c\
\x82\x9e\x00\xc0\xca\xe56\x9c\xaa\x8f1\x04\x9b\xda\xe9A\
q~\xab\xa1B`\x0e\xbe\x9d\xa8\x8c\xcd\x00\xa4\x8bA\
\xaa\x95\x01\xc0\xc3\x5c\xfc\x01\x00\x00\x80\x01\x10\xf4\x04\x00\
Vj&\x98\x02C\xf1v4\x9e\xec{\xdaP\x94\x1a\
\xd6\xa1#\x95\xb1\x19\x90\x8f\xd6R\x00x\xd0\xeeh<\
90=\x00\x00\x00P7AO\x00`\xd5\x8er\x95\
C\x18\x92\x13mg\xa1(\xbb\xb9\xbatH9\xf0\xa6\
26Cc-\x05\x80\x87\xa9~\x0d\x00\x00\x00\x95\x13\
\xf4\x04\x00VF\xcbv\x06lC;=(N\xc8\xc3\
p\x95\xb1\x19\xb0\x0d\x9f}\x00x\xd0\xa6\xaa\x9e\x00\x00\
\x00P7AO\x00`\x95\x04\xdd\x18\xb2\xf7\x91+\x08\
B\x85\xa2V\xf5<\xca\x817\x18\xa2\xb7\xd6R\x00x\
\x90\xaa\x9e\x00\x00\x00P1AO\x00`%F\xe3\xc9\
a\xd34\xdbf\x9b\x81\x13v\x86\xb2\x84:\x0cW\x19\
\x1b\xbe\xd1\xc2\x1d\x00\xee\xa7\xaa'\x00\x00\x00TL\xd0\
\x13\x00X\xba|\x18\xaf\xb2\xc4j\xdd6Ms\xfe\x82\
\x9f\xcb!M\xce\x1am;x\x83\xa2\xa4\xaa\x9e[\x81\
\x1e\x89\xb5\x14\x9af\xb3i\x9aC\xf3\x00\x00\xf7\xb2F\
\x02\x00\x00@\xa5~\xf4`\x01\x80\x158\xd4f\xf6\xd9\
\xae\x9b\xa6\xb9\xca\x7f\xf3E\xd347\xf9\xcf\xaff\xfe\
zr\xd3w\xed\xc5\xaa\x065\x1aOv\x9a\xa6\x99\xad\
\x9e\x95\xfe|\xe7\x9e?\xdf\xca\x01\x0c\x1ev4\x1aO\
N\xfb\xae\xbd1GP\x84\xc3\x08\x07\xe29$\xbe[\
\xc0PJw\x9b\xd7\xcf\xa9\xbb\xebg\x93\xd7\xd6\x95\xad\
\xa1w\xdc\xd7v|v\x8d}\xa3\x02\xfa\xb3\x1c\x8e\xc6\
\x93\x93\xbek\xef>[\x00\x18\xbat\xb9p\xaf\xef\xda\
\xb3\xa1O\x04\x00\x00\x00\xd4F\xd0\x13\x00X\xaa\x5c)\
ME\x89\x7f:\x9f\x09\x9eL\xc3\x9c\x17%\x07\xff\x1e\
\x08\x95\x9e>\xf4\xf7\xe7*\xae;3\x81\xd0\xad\xfc#\
\xa4\xf4\xbfJd*\xf3A\x19\x0e\x82\xacS\xbe3\xfe\
\x17\xe2\xbc\xba\xf3\xd3\x04\x0a3<{\x9c3ki3\
\x13\x10\x9d\xae\xadC_O7\xf2;\xa1J6\x00|\
\xef\xe0%{\x0e\x00\x00\x00 \x06AO\x00`\xd9\x8e\
\x06\x5c\xcds\x1aH9\xcb\x7f\xbc\x18J\xe5\xa9\x1cZ\
\x9d\x1e,\xfd#\x10\x9a\xc3\xbf;\xf9g/\xffqh\
\x9f\x91T\x89\xecXUO(\xc2F\xaa\x96\xd9w\xed\
I\x19K\x86\xc5\x00\x00 \x00IDAT\xa9\x8f#\
W\xf3\x1cZ\xb5\xe4\xcb\xe9\xda9\xb3\x86\x0e\xea;\xf3\
\xceZ\xfa]X#\xaf\xa7[3k\xe9\xce\xc0>'\
\xefG\xe3\xc9\x91\xaa\x9e\x00\xf0\x9d\xfdta\xc4\xbfo\
\x02\x00\x00@]\x04=\x01\x80\xa5\xc9\x95\xa8\xde\x0fl\
\x86\xbf\xe60\xc6\xd9*[\xabG\x92\x03\x19W\xb3\x01\
\xd0\xdc\x1a~/\xff\xbc\x1d\xc04l\xa8\xea\x09E\xd9\
o\x9a\xa6\xd8\xa0\xe7@\xbe+.\xf3\xbap\xa6\xd5\xe8\
\xf3\xcc\xac\xa7\x7f\xcf\xd7\xcce\x8a\xfd\xbc\xa6\xd6\x1e\xfc\
T\xd5\x13\x00\xbe\xb7\x11`\x7f\x0b\x00\x00\x00\xbc\x90\xa0\
'\x00\xb0LCh\xd9~\x9b\x83)\xa7}\xd7>\xd8\
\xca\x9c\xc7\xe5Pl\xfa9n\xfe\x0a\xaa\xec\xe7\x83\xa9\
\xfd\x8a\xab}\xaa\xea\x09\xe5x[j\xd5\xa3\xca\xaby\
~\x9dYC}\x17.\xc0\xdd\xcb\x143\x17)\xd2\xe7\
h;\xfa\xefw\x0fU=\x01\xe0~\x82\x9e\x00\x00\x00\
P\x19AO\x00`)r5\xcf\x9a\x83\x9e)\x9cr\
\x22\xdc\xb9\x1cy^\xa7!\x95\xfd\x1cP\xa9\xad\xd2\xa7\
\xaa\x9eP\x96\xbd\xd9J\xc3\x05\xa9\xed;\xe2:\x87\xfa\
O\x84;\x97o\xf6\x22E\x0e}\x1eVx\x89\xe2p\
 \x97\x8b\x00\xe0%\x86\xd0)\x03\x00\x00\x00\x06\xe5_\
\x1e7\x00\xb0$5VbL\xd5;?7M\xf3S\
\xdf\xb5\xfbB\x9e\xab\x91\xe69\xcdw\x9a\xf7<\xff\xb7\
\x15\xfdz\x879\x14\x0d\xac\xdf~i\xcf\xa0\xb2j\x9e\
\xe7M\xd3\xbc\xeb\xbbv\xab\xefZ\xd5\x8c\xd7 \x85>\
\xfb\xaeM\x9f\xa9\xd4\xde\xfdS\x0e\xdd\xd6\xe0\xc0Z\x0a\
\x00\xdf\xcb\x97&\x01\x00\x00\x80J\xa8\xe8\x09\x00,K\
M\x15\xc8ns\xf51\xc1\x945\xcamYS0\xf2\
h\xa6zW\xf40\xb1\xaa\x9e\xf3\xfb\xd4w\xad\xf9[\
\x92\xd1x\xb2\x95CaM\xaex\x99\xc2T\xa9*\xe0\
nu\xbf\xec_\xbf_i\x0e\x0a\x1c\xd3K\xa50\xe1\
A\xdf\xb5g\xb1\x86]\xaf\xbc\x979\x1a\x8d'\xc7\x95\
\xac\xa7\x1b\xf9]9.`,\x00s\xeb\xbb\xf6\x07\xb3\
\xb8<\xf9r\xc0N\xfe\x07\xec\xe4\xbdn\xcd\xfb[\x17\
T\x01\x00\x00\xa0\x12\x82\x9e\x00\xc0\xc2\x8d\xc6\x93\xbd\x8a\
*\x90}I\x01\x08\x01\xcfr\xcc\x04TNr\xa8#\
zK\xba\x03AOJ\x95\x03\xd6Wyx\xff\x08\xea\
\xe5\xef\xfa\xfd\xfcS\xc3w\xfef\x0a\xb6\xe6\xdfy\xed\
r\xc86z\xe0@\x10\xbb`w\x02\x9f'\xc1\xd7\xd3\
CAO\x00\x9e#\xaf\x7f\xd3}m\xed\xfb\xdb\x12/\
2\x01\x00\x00\x00\xaf\xa4u;\x00\xb0\x0c\xb5T \xfb\
%\xb58\x15\xf2,S\x0ac\xe5\x96\xee\xef\x82\xb6s\
O\x9f\xb1\x0f3\xd5d \x94T\xa1\xb1\xef\xda\x14\x84\
O\x81\xc4_r0>\xba\x92\x0e\xc3\x0f\x0b\x18\xc3k\
]6M\xf3\xb3\x90g\x0ci\x9f\x13|=mrP\
[\x98\x05\x80\xb9\xdc\xb3\xbf=\x0f>\xa3\xdb\xb9\x82)\
\x00\x00\x00P\x01AO\x00`\xa1\xf2!\xc2\xfb\xe0\xb3\
\x9a\xc2J;\xda\xcc\xc6\xd0w\xedin\xb7\x17\xe5\x10\
.\x8d\xf3]:<\xec\xbb\xf6D\x90\x98\x1a\xe4C\xf1\
\x14\xf2\xff9\xf8\x81xIA\xb1\xa8\x97&\xd2\x1a\xba\
\xd7w\xedE\x01c\xe1\x05\xf2z\xba\x93\x83\xba\x11\xd5\
p\xd1\x08\x80B\xe4\xfd\xed^\x0e|^\x07~..\
\x16\x02\x00\x00@%\x04=\x01\x80E\xdb\x0f>\xa3\x1f\
T\xf1\x8c'W#\xdb+\xbc\xa2\xe0\x97\x5c\xe1n/\
\x87i\xa0:)\xdc\x97\xdf\xc5OA\x7f\xb7\x22\x0e\xc2\
G\xe3IZK7\x0a\x18\xcaK}\xb6\x86\xc6\x96\xaa\
e\xe7\xc0s\xc4\xb0\xe7\xbe\xaae\x00,Z\xbe\x00\x9a\
\xf6\x88_\x83N\xae\x8a\xd7\x00\x00\x00P\x09AO\x00\
`\xd1\xa2VS\xba\xcd\xad\xdaO\x0a\x18\x0b\xaf\x94+\
\x0a\xfeZ\xd0\xfc\xdd\xe6\xc0\xdbO9\xfc\xa4\xc2\x1d\x83\
\x90[v\x7f\x08\xf8\xbbn\x170\x86&\xe8\xa5\x89t\
Q\x22r\xbby\xb2\x1c\xd4\x8d\x18\xf6\xdc\xa8\xe0\xc2\x11\
\x00\x05\xca\x17\x0b\xf7\x0b\xbfX\xf8\x10\x15=\x01\x00\x00\
\xa0\x12\x82\x9e\x00\xc0\xc2\x8c\xc6\x93\xd4>{7\xe0\x8c\
\xde\xe66\xb3Z\xb5W\xa0\xef\xda\xe3\x02\xc2\x9e\xd79\
\xe4\x96\xda\xb3\x1f\xe5\x0ai0(98\x1f.\xec9\
\x1aOJ8\x0c\x8f\x16V\xfb\xe2\xa2D]\x02\x87=\
\x05=\x01X\x9a|\xb1\xf0<\xd8\x0co\x150\x06\x00\
\x00\x00`\x01\x04=\x01\x80E\x8ax\xb8>\x0dy\xaa\
\xb4X\x91\x1c\xf6\x5cG\xb5\x95t\xe8\xf7\xae\xef\xda\x14\
\xf0<\xd1\xbe\x98\xa1\xcb\xe1\xbf\xcf\xc1\xa6a\xad\x87\xe1\
\x01\xdb\xb6\x7f\xcd\xa1\x07*3\x13\xf6\xbc\x0e\xf4\x9b\xbd\
-`\x0c\x00\xd4m?\xffw\x84(J\xa9X\x0f\x00\
\x00\x00\xccI\xd0\x13\x00X\xa4\xbd\x80\xb3\xa9\x9dv\xa5\
r\xf0hU\x95\xc8R\xa8\xf4\xe7\xbekSh\xf8t\
p\x93\x0d\x8f;\x0av\x18\xbe\xee\x8a\x9e\x91.M\xa4\
\x00\xa0\x90g\xc5r\xd83\xd4E\x9e\x1c\x96\x06\x80\xa5\
\xc8k\xe3Q\xa4\xd9-\xa4b=\x00\x00\x000'A\
O\x00`!F\xe3\xc9\x9b\x80U\x94>\x09\xe5Uo\
\x99\xd5V\xd2\xff\xdfOM\xd3\xfc\x94B\xa5\x02\xc3p\
\xbf|\x18~\x1chz\xde\xac\xf9\x9f\x1f)\xa4\xb6\xaf\
rq\xfd\xf2\xfa\xf6)\xd0/*\xe8\x09\xc0R\xe5\x0e\
\x12\x91*^\xaf{\x7f\x0b\x00\x00\x00,\x80\xa0'\x00\
\xb0(\xd1\xaay\x9e\xf7]\x1b\xaa\x0a\x07/\xd7w\xed\
\xd5\x12\xaa\xad\xa4\x03\xbd\x0f\xa9\xbds\xfa\x0c\xe5\x7f\x06\
\xf0\xb8HA\xcf\xb5U<\xca\xd5\x96\xa2\xb4m\xff,\
\xe0>\x1cy\xcf\xb4\xaa*\xd9\xf3\x8aXa\x1e\x80x\
N\x02\x8dx\xab\x801\x00\x00\x00\x00s\x12\xf4\x04\x00\
\x16%R\xf5\xa4[\xadf\x87#W[YD8\xe5\
\xbci\x9aw}\xd7\xa6\x80\xe7\x89*v\xf0|\xf9}\
\xf9j\xca\x9e\x14e-\xbd\x8d\xd6\xb2\x94\x858\x0c2\
\x8d\x9bZ\xd4\x02\xb0\x02\x91\xba\x83\x08z\x02\x00\x00@\
\x05\x04=\x01\x80E\x89T=I\x15\xc6\xe1\x99'\x9c\
\xf2\xa5i\x9a\x9f\xfb\xae\xdd\xd3\xea\x1f\xe6\x12\xe5\xfd\xd9\
]\xe3?;\xcaZz(\xec><}\xd7\x9e\x05\x0a\
l\xab\xea\x09\xc0R\xe5\xca\xe6\x91\xda\xb7\x03\x00\x00\x00\
\xc1\x09z\x02\x00s\x1b\x8d'\xa9:\xc4f\x90\x99\xbc\
\xcc\x15\x1e\x19\x90\x1cN9\x7f\xc1o\x9c\xaa\xd5}j\
\x9a\xe6\xa7\xbek\x0f\xb4'\x86\x85\xf0\x1e=m\x9d!\
\xd3\xe7\xbaNU\x8d\x03\x8c\x93\xe5\x88R\xd5S\xd0\x13\
\x80U\x88\xb2\xbfU\xe9\x1a\x00\x00\x00* \xe8\x09\x00\
,B\xa4\xc3\xf4(\x01\x05\x16\xef9m\x86SE\x96\
\x0f\xa9\xb5]\xdf\xb5*\xbf\xc2\x02\x09L?n4\x9e\
DYK]\x96\x18\xb0\xbc.\xbe\xe4\xe2\xc4\xba\x08z\
\x02\xb0\x0aQ\xf6\xb7o\x0a\x18\x03\x00\x00\x000'A\
O\x00`\x11\xa2\x1c\xa6\x9f\xe7\xca\x8e\x0c\xd0\x13U=\
\xd3_\x7f\xd7wm\x0ax\x9ehI\x0cK\xa3\xbd\xe5\
\xc3\x22\xac\xa5\xa9\xda\xb1j\x9e<\xe7\xe2\xc4\xbam\x8c\
\xc6\x13\xd5\xcb\x00X6\x17\x99\x00\x00\x00\x80\x95\x11\xf4\
\x04\x00\x16!J\xd0S8\x85\x83;3\xf0\xa5i\x9a\
\x9f\xfb\xae\xdd\xeb\xbb\xf6t\xf0\xb3\x03\xcb\x17\xa2J\xee\
\x9a\xaakF\x08\xa5\x9d\x0a\xc2\x93/ND\x08m\x0b\
z\x02\xb0l\xf6E\x00\x00\x00\xc0\xca\xfch\xaa\x01\x80\
y\x8c\xc6\x93\xd4\x02l3\xc0$^\xa7J\x8d\x05\x8c\
\x835J-gG\xe3\xc9\xa7<\x82\x13\xad\xd9\x81\x82\
D\xb84a\x1de*]\x8e\xf8X\xf8l\x08z\x02\
\x00\x00\x00\x00P\x0dAO\x00`^\xaay\x12J\xdf\
\xb5\x11Z\xce\x02\x032\x1aO\xb6R\xab\xe9\xc2\x7f\xe3\
\xeb\x5c\xc9\x11\x9a\xbc\xaf\x12\xf4\x04`\xe8T\xf4\x04\x00\
\x00\x00VF\xebv\x00`^Q\x0e\xd1\x05=\x01(\
\xd5V\x80'sZ\xc0\x18(D\xdf\xb5\x17\x01\xda\xb7\
\xef\x160\x06\x00*\x96\xd7C\x00\x00\x00\x80\x95\x10\xf4\
\x04\x00\xe6\x15\xa1\xa2\xe7\xa5\x16\xdd\x00\x14,\xc2Z\xaa\
\x9a'w\x15\x1f\xfe\x1d\x8d'\xaaz\x02\xb04\xd6\x19\
\x00\x00\x00`\x95\x04=\x01\x80yE\xa8B\xa6\x9a'\
\x00%+>$\xd0w\xad\x8a\x9e\xdc\x15!\xfc\x1ba\
\x9f\x0a@\x5co<;\x00\x00\x00`U\x04=\x01\x80\
W\x1b\x8d'\xe9Pc3\xc0\x0c\x0a\xa7\x00\xf0\x127\
+\x9e\xad\xd2\xc3h\xe7\x05\x8c\x81\xf2D\x08z\xaa\xb4\
\x06\x00\x00\x00\x00@\x15\x04=\x01\x80yD8<\xbf\
\xd6\xb6\x1d\xa0\x18\xbb\x11\x1eE\xdf\xb5\x17+\xfeGn\
\xaf\xf8\x9f\xf7R\xda\xb6\xf3\x9d\xbekS \xfa\xb2\xf0\
\x99\x11\xf4\x04`\x99T\x8e\x06\x00\x00\x00VF\xd0\x13\
\x00\x98G\x84\xc3s\xe1\x14\x80\x02\x8c\xc6\x13\x07\xe1\xf7\
\x082/\xab\x0e\xbe\x12G\xe9\xfb,-u\x01X\xa6\
(\xfb\xdbUW\xab\x07\x00\x00\x00\x96@\xd0\x13\x00\x98\
G\x84\xc3sAO\x802\xa8\xacw?AO\x22+\
\xfd\xb3\x11\xa2\x8a0\x00a\xed\x05\x19\xb8\xbd\x1c\x00\x00\
\x00T@\xd0\x13\x00\x98G\x84C\x0dAO\x802\xec\
\x07y\x0e\xd7+\xfe\xe7\x95\x1e\x80\xbd\xed\xbb\xf6\xaa\x80\
qP\xa6\xe2?\x1b\xa3\xf1DUO\x00\x16.\xaf/\
.\x14\x00\x00\x00\x00+#\xe8\x09\x00\xcc\xa3\xf4\x83s\
\xe1\x14\x80\x02\xe4\x83\xf0(A\xcfU\xaf\x1b\xa5\xaf\xa5\
*@\xf1\xa0\xbek#\x5c\xa8QM\x18\x80e\x88\xb2\
\xb7m\x22\x5c\xcc\x00\x00\x00\x00\x9e&\xe8\x09\x00\xccc\
\xbb\xf0\xd9\x13N\x01(\xc3a\xd34\x1b\x9e\xc5\xbdJ\
\x0f\xa1YKy\xca\xaa\xab\xe0\x02@\x09\x0e\x03=\x05\
AO\x00\x00\x00\xa8\x80\xa0'\x00\xf0*A\xda`\x0a\
\xa7\x00\xacY^/\x22\x1d\x84\xaf\xbaBa\xe9\xeb\xe9\
M\x01c\xa0l\xa5\x87G\xf6\x0a\x18\x03\x00\x15\x19\x8d\
'\x07\x01.\xbe\xce\xb2\x9f\x03\x00\x00\x80\x0a\x08z\x02\
\x00\xaf\x15\xa1\x0d\xa6\xaa\x15\x00\xebw\x12\xac\x9a\xe7\xaa\
\x0f\xc2K\x0fzFh\xcd\xcdz\xb9X\x03\xc0`\x8c\
\xc6\x93\xad\xa6i\x8e#\xfd\xbe}\xd7Z\xab\x01\x00\x00\
\xa0\x02\x82\x9e\x00@\xcd\x1cf\x00\xac\xd1h<I!\
\xcf\xb7\xc1\x9e\xc1\xaa\xd7\x8eH\xd5\xa0\xe0>\xa5W\x09\
\xdb*`\x0c\x00T W\xaa?\x0dv\x89\xe9\xb2\x80\
1\x00\x00\x00\x00\x0b\xf0\xa3I\x04\x00^)B\x1bL\
\x15=\x01\xd6 \x1f\x82\xa7JG\xef\x03\xce\xbfK\x02\
\xffd>xJ\xe9\x9f\x11AO\x00\xe6\x96+y\x9e\
\x06\xbc\xa4\xe3\xbf\x8b\x00\x00\x00@%T\xf4\x04\x00\xaa\
\xd5w\xad\x03\x0d\x80\x15\x1b\x8d'{9\xf8\x151\xe4\
y\xddw\xed\xca\xaa\x13\xe6\xc0@\xd1V9\x1f\x84\xe5\
3\x02@\xd5F\xe3\xc9a\xde\xdfF\xac\xc4\xee\xd2\x0e\
\x00\x00\x00TBEO\x00\xe0\xb5J\x0f\xa7\x5c\x170\
\x06\x80\xc1\xc8\x01\xcf\xa3\xa6iv\x03\xff\xce\xab>\x08\
/}-\xbd-`\x0c\x94\xaf\xf4\xa0\xe7N\x01c\x00\
 \xa0\xd1xr\x90\xf7\xb7\x9b\x81\x9f\xdfY\x01c\x00\
\x00\x00\x00\x16@\xd0\x13\x00x\xad\xd2\xc3)\xaay\x02\
,Y\x0ew\xee\xe7\x9f\xc8\x07\xe0S\x0e\xc2\xffI\x05\
(\x9e\xd4w\xed\xc5h<)y\xa26\x0a\x18\x03\x00\
\x01\x8c\xc6\x937M\xd3\xcc\xeeokXC\xec\xe7\x00\
\x00\x00\xa0\x12\x82\x9e\x00\x00\x00\xdc+\xb7\x16\x9f\x06\xfb\
\xdf\xe4\xcax\xd3\xbf\x16\xb9r\xe7CV\x1d\xf4|\xb3\
\xe2\x7f\x1e\x00\xc0\xa0\xe5\x8bJS\xd3}\xedt\x8f\x1b\
\xb15\xfbc.\xfb\xae-\xbd\xf26\x00\x00\x00\xf0L\
\x82\x9e\x00\xc0k\x95\x1eN\x19TU\xb6|X\xb5\xf7\
\x8c\xbf\x95X\xce\xfa\xaeUa\xf0q\xbf\x8d\xc6\x93\xdf\
J\x1e a\xdc\xa6\xca\x84+\x1e\xac\x96\xd2\x00\xc0?\
\x8c\xc6\x93?\xcd\x08\x0b\xe2\xdf%\x01\x00\x00\xa0\x22\x82\
\x9e\x00\xc0k\xd5V\xe9\x22\xba\x14\xf2\x14v\xab\x93\xc3\
9X\x0d\xef\xda\xf7\xcc\x09\xcfuY\xf2\xde0]\x88\
qq\x02\x80\x01\xb2\xf6\x01\x00\x00@E\xfe\xe5a\x02\
\x00\x00@sj\x0a\xe0\xd5\xb4\x85\x05\x80\xf2\x08z\x02\
\x00\x00@E\x04=\x01\x80Z\xad\xba\xfd.\x00\xb1\x09\
z\x02\x00P\x8b\xaf}\xd7\xba\x88\x01\x00\x00\x00\x15\x11\
\xf4\x04\x00j\xe5@\x83\x1a\xecy\x8a\xb0\x12\x0e\xc2\x01\
\x00\xa8\x89KL\x00\x00\x00P\x19AO\x00\xe0\xc5F\
\xe3\xc9\x8eY\x03\xa0\x22\xeb:\x08\xb7\x9e\x02\x00\xb0\x0c\
\x82\x9e\x00\x00\x00P\x19AO\x00\xe05\xde\x985\x00\
*q\xdbw\xed\xc9\x9a~\x95\xd2\xd7SUN\x01\x00\
\xe2\xf9\xa2Z=\x00\x00\x00\xd4G\xd0\x13\x00\x00\x80!\
[W\xc83\x82\x8b\xa1O\x00\xcfvf\xaa\x00\xa0\x18\
\xf6\xb7\x00\x00\x00P!AO\x00\x00\x00\x86\xec\xd8\xd3\
\x87\xea\xedy\xc4\x00\x0c\xc4e\xdf\xb5.`\x00\x00\x00\
@\x85\x04=\x01\x00\x00\x18\xaa\xd4\xd6\xf2\xca\xd3\x07\x00\
\xa0\x12.1\x01\x00\x00@\xa5\x04=\x01\x80*\xa9`\
\x01\xc03hk\x09\x00@-\xae\xfb\xae\xb5\xbf\x05\x00\
\x00\x80J\x09z\x02\x00\x000D_]\x0a\x00\x00\xa0\
\x22G\x1e&\x00\x00\x00\xd4K\xd0\x13\x00\x00\x80!:\
\xf4\xd4\x01\x00\xa8\x84j\x9e\x00\x00\x00P9AO\x00\
\x00\x00\x86\xe6s\xdf\xb5W\x9e:\x00\x00\x958\xf0 \
\x01\x00\x00\xa0n\x82\x9e\x00\x00\x00\x0c\xc9\xad\xb6\x96\x00\
\x00T\xe4\xbc\xef\xda3\x0f\x14\x00\x00\x00\xea&\xe8\x09\
\x00\x00\xc0\x90\x1c\xf4]{\xe3\x89\x03\x00P\x81[\xd5\
<\x01\x00\x00`\x18\x04=\x01\x80*\x8d\xc6\x93-O\
\x16\x80;\xbe\xf6]{jR`p\x84\xbb\x01\xa8\xd5\
Q\xdf\xb5W\x9e.\x00\x00\x00\xd4O\xd0\x13\x00\xa8\x95\
\xa0'\x00\xb3\xaeU;\x82\xa5)}\xdfuQ\xc0\x18\
\x00`\xd1R\xcb\xf6c\xb3\x0a\x00\x00\x00\xc3 \xe8\x09\
\x00\x00\xc0\x10\xeck\xd9\xfeb{\xc1\xc6\xcb\xfa\xb8`\
\x03\x00\xab\x95Z\xb6\xef\x9bs\x00\x00\x00\x18\x0eAO\
\x00\x00(\x97\x0ad\xb0\x18\x1f\xfa\xae-\xf1}\xd2f\
\x13\x00\x80\xd7\xd8s\x89\x09\x00\x00\x00\x86E\xd0\x13\x00\
\x00\xca\xe5\xe0\x0e\xe6\xf7\xa5\xef\xda\x93B\xe7Q\xd0\x13\
\x00\x80\x97*\xf5\x12\x13\x00\x00\x00\xb0D\x82\x9e\x00\xc0\
k8P\x00 \x82\x14\xf2<\xf0\xa4\x00\x00\xa8\xc4\xa7\
\x82/1\x01\x00\x00\x00K$\xe8\x09\x00\xbc\x98\xf6`\
\x00\x04p\xd94\xcd\xa1\x07\x05\x00@%\xd2%\xa6#\
\x0f\x13\x00\x00\x00\x86I\xd0\x13\x00\xa8\xd5\x9e'\x0b0\
X)\xe4\xb9\xe7b\xc2\xdc\xde\x04\x1f?\xab\xb3U\xf8\
\x5c_\x150\x06\x00\x98\x87J\xf5\x00\x00\x000p?\
\x0e}\x02\x00\x00\x00\xa8\x8aC\xf0\xc5\xd9\xa9\xe5\x17a\
\xe96K\x9e\xe2\xbek\x05=\x01\x88\xcc\xfe\x16\x00\x00\
\x00P\xd1\x13\x00x\xb5[S\x07Kwf\x8a\xe1E\
>\x07;\x04\xf7\x8e\x03\x00\xf0\x98_\x85<\x01\x00\x00\
\x80F\xd0\x13\x00\x98\xc3E\xe1\x93Wz\x0bQ\x00\x16\
']>\xf8\xd0w\xed\xa19\x05\x00\xa0\x02i\x7f\xfb\
\xae\xef\xdac\x0f\x13\x00\x00\x00h\xb4n\x07\x00*&\
\xe8\x090\x0c\x97M\xd3\x1c\xf4][\xfa\x05\x84\x88v\
\x87>\x01<m4\x9e\xec\x15>M\xd7\x05\x8c\x01\x00\
^\xc2\xfe\x16\x00\x00\x00\xf8\x8e\xa0'\x00\x00\x94\xeb\xca\
\xb3\x81G}\x0e^\xc5\xd3;\x0e\xcb\xe7=\x03 \x92\
\xcfM\xd3\x1c\xf5]{\xe3\xa9\x01\x00\x00\x00\xb3\xb4n\
\x07\x00^\xeb\xac\xf0\x99S\x85\x8c\xf0\xfa\xae\x15N\x81\
\xfb\xa5*G?Go\xd5\x1e\xe1\x1d\x1f\x8d'*d\
\xf3\x14\x9f\x11\x00\x98_\xaa@\xfdK\xda\xdf\x0ay\x02\
\x00\x00\x00\xf7Q\xd1\x13\x00\x00\x80(n\x9b\xa6I\x87\
\xdf'\x9e\xd8\xcal\xa9\x88\xc8\x13J\x0fzj{\x0b\
@\xe9>5Ms,\xe0\x09\x00\x00\x00<FEO\
\x00\xe0\xb5\x22T!\xdb+`\x18\xf0Z\x97f\x0e\xfe\
v\x9b\x0f\xc0\xb7*\x0cy\x96\xfe\xae\xbf)`\x0c\x94\
\xad\xf4\xa0\xa7\xd0\x0c\x00\xa5:o\x9a\xe6\xa7\xbek\xb5\
j\x07\x00\x00\x00\x9e\xa4\xa2'\x00\xf0Z\x11\xaa{\x09\
\xa7\x10\x99\x83>\xf8\xab\x85\xe5I\xe5\x15\x8eJ\xff\xbd\
v\x9a\xa69-`\x1c\x94K\xd0\x13\x00^&\x05<\
S\xb8\xf3\xcc\xbc\x01\x00\x00\x00\xcf%\xe8\x09\x00\xbcV\
\x84\xa0\xa7p\x0a\x91i\x95\xcc\x90\xa5\xc3\xef\x93\x81\xb4\
hO\xef\xfan\x01\xe3xH\xe9!>\xd6o\xa7\xf0\
g\xa0u;\x00\xa5\xf8\x9a/0\x09x\x02\x00\x00\x00\
/&\xe8\x09\x00\xbcJ\xdf\xb5W\xa3\xf1\xa4\xf4\xc9+\
=x\x00\x8f\x11\xf4dh\xaes8?\x1d~\x0f\xe9\
\xf3_\xfa\xef*\xe8\xc9S6\x0a\x9f!\x15=\x01X\
\xa7\xdb\x99\x0a\xf5\xfe\x1d\x0f\x00\x00\x00x5AO\x00\
`\x1e)\x94\xb3Y\xf0\x0c\x0az\x12\x99C@\x86\xe4\
]\xdf\xb5C\xad\xc0\x5c\xfa\xbb^r\xb5Q\xd6l4\
\x9e\xec\x95\xfe\x0c\xfa\xaeU\xd1\x13\x80u\xf8\x9a+\xd4\
\xeb2\x02\x00\x00\x00,\xc4\xbfL#\x000\x87\xd2\xc3\
)\x9b\xa3\xf1\xe4M\x01\xe3\x80\xd7\x10\xf4dH\x0e\x07\
\xfc\xb4\x8b\x7f\xd7G\xe3\x89\x8b\x13<\xa4\xf4\xcf\xc6m\
\x01c\x00`\x18\xd2\x9a\xf3\xa5i\x9a\x0fM\xd3\xfc\x9f\
\xbek\xf7\x85<\x01\x00\x00\x80ER\xd1\x13\x00\x98\xc7\
E\x80J_{\xb9\x150D#\xe8\xc9\x90\xec\x8e\xc6\
\x93\xc3\xbek\x8f\x07\xf8\xd4#T\x1b\xdc\x092NV\
\xaf\xf4\xa0\xa7\xcf-\x00\xcbr\x9b\xd7\x99\xb3\xf4\xdf\x1c\
T\x90\x06\x00\x00\x00\x96M\xd0\x13\x00\x98\xc7M\x80\xd9\
\x1bJ\xd0\xf3\xac\x801Dq\x90\xaa\xbd\x96>\xd6\xbe\
k\x05=\x19\x9a\xa3\xd1xr:\xb4\xcf~\xdf\xb57\
\xa3\xf1\xa4\x80\x91<JEO\x1eR\xfag\xc3Z\x0a\
\xc0\x22LC\x9d\x7f\xff\x08v\x02\x00\x00\x00\xab&\xe8\
\x09\x00\xcc#\x85\x0b\x7f+|\x06\xf7\x0a\x18\xc3\xd2\xf5\
]{&\xec\xf9<\xa3\xf1d/@\xd0\xf3\xbc\x801\
\xc0\xaam4Ms2\x94\xef\xed;\xce\x0b\xaf\x90=\
\xc4g\xc2\x13F\xe3\xc9\x9b\xa6i\xb6\x0b\x9f'A\xcf\
\xa7\x09r\x03Cw;S\x01\xfaf\xe6\xcf\xd3\x1fo\
\xf2\xbfk\x03\x00\x00\x00\xac\x9d\xa0'\x000\x8f\x08\x15\
,\xb6S\x10!UL+`,\x94a+\xc0s\x10\
Ly\xbeO}\xd7\x1eE\x19\xec2\xe5\x10\xf3\x7f\x82\
\xff\x1a\xa9\x85\xfb~\xdf\xb5C\xa8\xc4<\xeb\xaa\xf0\xa0\
\xa7\xb5\x94\xfbD\x08\x00\x0b\xe7<m\xa3\xf4\x01\xf2\xbd\
\xbc\xe6S\xa9\xbek\x7f\xf0l\x01\x00\x00\x00\xb8\xeb_\
f\x04\x00x\xad\x1c\xf8\xb8\x0d0\x81\xfb\x05\x8c\x81r\
\x14\xdf\xb6]\xd0\x93\xd7\xc8\xd5\x86>W0y'\xb9\
R\xe0\x90Dx\xe7\xad\xa5\xdc\x15\xe13a=}\x86\
\x01~\xe7\x02\x00\x00\x00\x00\x84#\xe8\x09\x00\xcc+B\
UO\xe1\x14\xbe\x09T\xfdH\x052^+U7\xbd\
\x0e>{\xd3\x16\xeeC\x12\xe1\x9dW=\x8e\xbbJ\xff\
L\xdc\xf6]+\xe8\xf9<\xda\xb7\xc7\xe3;\x19\x00\x00\
\x00\x00\x06F\xd0\x13\x00\x98W\x84p\xca[\x95\x8a\xc8\
\x22\xb4mo\x82\x04\xa8)P\xae\xb4|P\xc1\xb3I\
\xdf\xdbC\x0a\xe9\xbb4A(\xa3\xf1d'@\x85l\
k\xe9\xf3\x09\x0d\xc6\x13eO\x0b\x00\x00\x00\x00,\x88\
\xa0'\x000\xaf(\x87\xe8\x02*4A\x82\x0c\xd79\
\xac\x07\xaf\xa2\x85{<\xf9\x9d/\xbd\x12\xeb\xc6\xc0\xc2\
\xb7<.B\xa0\x5cu\xec\xe7S\xd13\x1e\xe1\x5c\x00\
\x00\x00\x00\x18\x18AO\x00`^Q\x0e\xd1\x0f\x0b\x18\
\x03\xeb\x17\xe1P\x5c\x052\x16\xa1\x96\x16\xee\xc7\x05\x8c\
cU\x22\xbc\xfb5T\x8be1\x22|\x16\xac\xa7\xcf\
\xf76\xca@\x09SQ\xf7\x9b|\xf9\x04\x00\x00\x00\x00\
X\x00AO\x00`.A\xaa\x90%\xdb\xa3\xf1D\xe5\
\x9b\x01\x0bt(\xee@\x9c\xb9U\xd4\xc2\xfd\xfd\x80\xbe\
\xbb#\xbc\xfb\xa9\xa5\xbev\xc1\x037\x1aO\x0er\x10\
\xbbt\xd6\xd3\x17P\xb17\x14\xcf\x0a\x00\x00\x00\x00\x06\
H\xd0\x13\x00X\x84(\x07\xe9G\x05\x8c\x81\xf5\x89\x12\
\x16S\x81\x8c\x85\xd0\xc2=\x9c(k\xa9\xaa\x9eD\xf8\
\x0c\x5c\xe7\xc0\xfbZ\x05\xabf\xe8\xdd\x8e\xc3\xb3\x02\x00\
\x00\x00\x80\x01\x12\xf4\x04\x00\x16!\xca!\xf6\xae\xaa\x9e\
\x83\x16\xa2}\xbf\x16\x97,X\x0d-\xdc7\x87\x10\xd4\
\xef\xbb6\x85\xbco\x0b\x18\xcaS\x0e\x07\x12\xbc\xe5\x1e\
y\x1f\xb5\x1b`n\xac\xa5/\xa7bo\x00\xb9\xa2n\
\x88\xb6\xedA\xd64\x00\x00\x00\x00\x08C\xd0\x13\x00X\
\x84H\x87\xe9\xaaz\x0eP\x0e\xa6D8\x14?/`\
\x0cT\xa4\xa2\x16\xee\x1f\x07\x12\xd4\x8f\xb0\x9enD\x09\
\xce\xb3\x14Q\xf6Q\x82\x9e\xafc\x9f\x5c\xbeH\xcfH\
\x95z\x00\x00\x00\x00X AO\x00`n}\xd7^\
\x05\xaa\x18\xb7\x9b+\xe10,Q\x0e\xc5O\x0b\x18\x03\
\x95\xa9\xa9\x85{\x01cX\xb6(\xe14U=\x07h\
4\x9e\xec\x07\xa9\xe6\xd9\x14\xf6.E\xba\xc4\xf1^\xf5\
\xfbr\x05\xab\xe6\x09\x00\x00\x00\x00,\x98\xa0'\x00\xb0\
(\x91\x02j\xc7\x02*\xc3\x11\xa8\xcdl\xa3\x02\x19K\
\x94\xc2\xce\x97\xc1'xs4\x9e\xd4^m.\xcaw\
\xc0\xc6@\x82\xb7dy\xdft\x1cd>.\xf3%$\
^\xc7>\xb9@\xc1\xde\xc1)\x15=\x01\x00\x00\x00`\
\x81\x04=\x01\x80E\x89\x14P\x13P\x19\x96(\xc1\xb0\
\xeb\xbek\x1d\x88\xb3\x14\x15\xb5p\xffm4\x9e\xec\x14\
0\x8e\xa5\xc8\xdf\x01Q*d\xbf\xcd\x15\x1e\x19\x86\xa3\
@\x95\x04K\xdb\x93F\xbb\xc4\xb1\x1d0P8\x04\xa7\
\xf9\xdfa\x22\xb9\x19\xfaC\x03\x00\x00\x00\x80E\x12\xf4\
\x04\x00\x16\xa2\xef\xdat\xf8x\x1bh6S@\xe5\xb0\
\x80q\xb0D\xf9\x19\xab\xe6\x09\xff\x0b\x11~\xaa`.\
j\x0f\xeaG\xaa\x90}\xa2\xf2_\xfdr\xa0\xf7c\xa0\
_\xb4\xb4\xef\x88\x88a\xb7\xf7\xb9M8\x05\x18\x8d'\
'\x81\xf6\xb3\xb3\xecm\x01\x00\x00\x00`\x81\x04=\x01\
\x80E\x8a\x14NI~w\x88]\xaf\x5c\xf5/R\x9b\
\xe7h\xef\x0f\x01\xf5][C\x0b\xf7\xed\xca[\xb8G\
\xab\x90-\xc8S\xb1\xbc\x96F\x0aW\xdf\x16X\x1d;\
j\xb5\xee?\xec\x93\xd7/_Zz\x1ft\xf8*z\
\x02\x00\x00\x00\xc0\x02\x09z\x02\x00\x8b\x141\xa8\xf6G\
\xcdm\x80\x87*W\x98;\x09\xd4\xe2\xf26W\xc5\x85\
U\xa8\xa5\x85\xfbV\x01\xe3X\xb8\x80\x15\xb2\xb7s\xb5\
9*\x13p-m\x0a\xdd\x8bF\x0dz6\xc2\x9e\xeb\
5\x1aOR\x0b\xfd\xdf\xa3\x8e\xbf\xc0\xd05\x00\x00\x00\
\x00\x84&\xe8\x09\x00,L\xc0p\xca\xd4YnKJ\
\x05r0%U\x98\xdb\x0e\xf4\xdb\x08y\xb22Z\xb8\
\x87\x10\xed;\xe1\xbd\xb0g]\x82\xae\xa5M\x89\xdf\x0b\
}\xd7\xa6\xaa\x86\xd7\x05\x0c\xe5\xb5\xfe\xa8\xbc\x8arq\
\xd2\xfb\x97\xbfS?\x06\xfe5\xce\x0b\x18\x03\x00\x00\x00\
\x00TE\xd0\x13\x00X\xb4\x88\x81\xb5T\xa9\xea\xdf*\
\x16\xc5\x178\x98\x22\xe8\xc9JU\xd2\xc2}7\xb7\xb4\
\xadQ\xc4\xd0\xa4\xb0g%r\xb5\xdc\x88k\xe9u\xdf\
\xb5g\x05\x8c\xe3>\xd1+\x1b\xa6*\xcagy\x9f\xc5\
\x12\xe5N\x03g\x81\xdb\xb5O\xa9\xe6\x09\x00\x00\x00\x00\
\x0b&\xe8\x09\x00,Z\xe4\x90G\xaaXt\xe2\x10;\
\xa6\xc0\xc1\x14m\xdbY\x97\x1a\xc2\xedG5\xb6p\xcf\
a\xb5\x88\x15\x00S\xd8\xf3\xc2:\x1aW\x0e\x99]\x04\
\x5cK\x9b\xc2/M\xd4\x10z\xdbm\x9a\xe6\xaa\xe2\x80\
\xfd\xda\xe5\xca\xa9\xff\x0d\xfa\xfe\xdd%\xe8\x09\x00\x00\x00\
\x00\x0b&\xe8\x09\x00,T\xe0p\xca\xd4\xfb\xdc\xca}\
\xa7\x8c\xe1\xf0\x1c\xb9\xf5~\xd4`\x8a\x0ax\xacE%\
-\xdc7*~\x87\xa2\xfe^\xdb9\x0c\xb6W\xc0X\
x\x81\x99\x90\xd9F\xd0y;.`\x0c\x0f)\xb5\xd2\
\xe8K\xa5\xcf\xc6\xef\xb9\xba\xa7w|A\xd2>v4\
\x9e\x5c\xa5\xca\xa9U\xfcB\x7f\xa9\xe53\x0f\x00\x00\x00\
\x00\xc5\x10\xf4\x04\x00\x96\xa1\xe4\x83\xf6\xe7H!\x95\xff\
\x8e\xc6\x93cU\xc9\xca\x96*\xf9\x8d\xc6\x93T\xc1\xeb\
\xdf\x82)\xf0rZ\xb8\x17-r\x805}\x1f\xff\xc7\
:\x1aC\xba\xdc\x92*\xb1\x06\x0f\x99\x9d\xf7]{U\
\xc08\xee\x95/B\xdd\x168\xb4\xd7\xda\xcd\xef\xb8\xc0\
\xe7\x1cr\xc0\xf3,\xefc7\xc3\xfe\x22\xdf\xbb.\xf9\
}\x04\x00\x00\x00\x80\xa8\x04=\x01\x80e\xa8\xa5\xba\xda\
\xc7\x5c\x95\xecHP\xa5,\xe9y\xe4\xcac)\x98\xf2\
6\xf0\xafRt0\x85\xc1\xa8\xa5\x85{U\xdf\xd3\xf9\
\xbb\xe1k\x01C\x99\xc7G\xad\x9e\xcb\x95/K\x9cT\
\xd2*:\xc2\xde\xb3\xc6\x0a\x87\xd3\xc0\xe7\xc5h<9\
\xb0_~Z\xde\xc3\x1e\xe6\x0a\x9e\xff\xcesX\x9b\xd3\
\x0a\x7f'\x00\x00\x00\x00X\xbb\x1f=\x02\x00`\xd1\xfa\
\xae\xbd\x19\x8d'_r\x1b\xf4\xe86r\x85\xabt \
\x9b*/\x9e\x08\xe6\xadO\x0a\xa5\xa4g\x91\x83iQ\
+x\xce\xd2\xb6\x9d\xb5K-\xdcG\xe3\xc9\xa7\xe0\xd5\
\xfc\xa6-\xdc\xf7\x0b\x18\xcb\x22\x1d\x07\x0f\xb373\xad\
\x9e\x0f\xf3\xef\x93\xd6\xd1\x9b\x02\xc65Xy-=\xaa\
d\x9f\xd6\xe4\xea\x81\x11\xd6\xd3\xd3\x0a\xde\xe7\x87\xa4\xa0\
\xf0\x1f\xe9\x1d\xcf\x95\xd6O\xfb\xae\x15\xf6\xcbr\x00v\
?\xff\xd4\xfa\x19\x98\xa5m;\x00\x00\x00\x00,\xc1\x0f\
\x7f\xfe\xf9\xa7y\x05\x00\x16.\x87\x08\xfeo\xa53\xfb\
5\x07U\x1c`\xaf\xc0\xcc\xe1\xf8AeU\x8fR0\
e\xab\x80q<(\xb7\x13-}\xce?\xe5\xf6\xe3\xcc\
)\xb7n\x8e^\xd5\xef]m\xdf\xcd\x95<\x97Y\xb7\
9\xf0v\x9cB\xc6\xe5\x0c\xab~\xa9Mt^Kk\
\x0b\x9a\xfd\xdaw\xedq\x01\xe3xT\xe5{\xe3\xfb\xdc\
\xe6\xc0\xdfY\x0e~\x0e\xea\xa2\xd4h<\xd9i\x9af\
/\xff\x0c!\xdc9u\xdbwm\xb1\x95]G\xe3I\
z\x1e\xff)`(\x8f\xea\xbb\xf6\x87\x82\x87\x07\x00\x00\
\x00\xc0\x9a\xa8\xe8\x09\x00,E:\xcc\x1d\x8d'\xe7\x95\
\xb6#L\x87\xb5oG\xe3\xc94\xac2=\xc0V\xa1\
lAr\x18b\xaf\xf2\xcaG\xc5\x87R\x18\x9c\x83\xdc\
\xc29\xb2\x93\xf4\xfdQ\xd9\xf7\xf1q\xae\x94W\x8b\x8d\
\x5cI\xf2\xfdh<\xb9\xce\xeb\xe8\x89\xd0\xe7r\xe4p\
\xe7\xf4\xa7\x86J\xd8w\xddF\xa9\x8e\x9d\xf7\xc6\x97\x95\
\x05\xb7\x1f\xb31\xdd3\xe7\xaa\xbe\xe9}\xbf\xc8\xfb\xe6\
\x8b\xbek\xab\xa9\xfa\x98/%M\x83\x9d\xd3?\xd6\xf8\
\xbe=\x87\x8bp\x00\x00\x00\x00\xb0$\x82\x9e\x00\xc02\
\x1dE\xa8\x982\x87\xbf\xc3*)\x84\x93\x0f\xef\xa7\x95\
\x8b\xce\x04?\x9f/W=\x9a\xad|\xb4\x19e\xec\xaf\
\x14&\x98\xc2ph\xe1^\xa6\xd4\x92z4\x9e\x1cU\
\xfa\xbd\x98~\xa7\x8f\xe9'\x87\xc0f\xd7\xd0AU\xff\
[\x94\x5c\xadng@U\x04\x8f\x83\xed\xb7j\x0bn\
\xbf\xc4f\xfe\xf9\xf6\xb9\x1c\x8d'\xe9\x0f\xe9\xbd\xbf\xca\
\xef\xfdM\x0e\x82^\x95\xfa\xfe\xe7\xfd\xea4\xd4\xf9&\
\xbfg[\x03\xd8\xb7\xbe\x84\xa0'\x00\x00\x00\x00,\x89\
\xd6\xed\x00\xc0R\x05i\xfd\xbc,\xb3\x87\xd7W\xf9\xe0\
\xba\x9a\xeaE\xaf1s@>=\x18\xdf\x1a\xe8\xe7#\
D\xbbq\xad\xdb\x87\xa9\x92V\xe1\xbfTV-\xee`\
\x80\xe1\xb0\xdb\xd9\xea\x7f)\x046\xf45t\xd6L\x05\
\xc1\x9d\xbc\x96\xee\x0cp=M\x9f\x91P\x15|\xf3s\
\xfb\x7f\x05\x0c%\x82\xe9w@3\xddG\xcf\x8c\xf9\xa1\
\xef\x82\x8b\xa7>\x0f3\xef\xce}\xf6f\xfe\xdat\x9f\
\xda\xe4\xbf\x7f\xa8\x15:_\xa2\xe8\xb6\xed\x8d\xd6\xed\x00\
\x00\x00\x00\x04\xa7\xa2'\x00\xb0l\xb5W\xf5|\xcc\xb4\
r\xd1\xdf\xc1\x8b\x5c\xbdh\xf6\xe0zzP}\x91+\
\x195\xcf9\xa4.\xcd\x9dC\xf3\xd9?\x9f\x06;U\
;\xfa\x9f[m\xdb)\x5c--\xdcwj\xa9\xac\x9c\
\xabz\x1e\x0e\xa8\xe5s\x93CU\xbb\xf7\xac\xa1\xd73\
\xa1\xaf\xab;\x01\xb0p\xeb\xe7CF\xe3\xc9l\xc8l\
\x1a>\x9b\xae\xa9C\xbd@sW\xb4j\x9e\xe9]\xbe\
\x19\x8d'_r5x\x1e\xb71\xf3Y\xbf\xfb\x99\x7f\
\xb0\xf2t\xfe\x9e`=T\xab\x07\x00\x00\x00\x80%\x12\
\xf4\x04\x00\x96*U\xdfr\xa0\xfd\x9d\xc7\x0e\xae\xbf\xb9\
sH}~\xcf\xdfr\xb7\xb2\xd12\xed\xdd\xf3\xff\xfb\
\xcd\xc0\x02G\x8bt\xa8\xad?%\xab\xa4\x85\xfbf\xbe\
hpX\xc0X\x16\xe5p\xc0\x17'f}w\x89b\
\xd6\xcc\xfay9s\x81\xa2yb\xdd\x5c\xe6\x9a:\x0d\
g\xde\xe7\xee\xfa\xaaj\xe0\xf3]\x07\xbe4qb_\
L\xa5\x5cd\x02\x00\x00\x00\x80%\x12\xf4\x04\x00V\xe1\
\xc8\x81\xf6\x5c\xee\x0b\xb3\xa8\xe6\x15\xd3u\xaa\xcc7\xf4\
I\xa0|\xa9\x1d~no\x1a\xf9\xbb\xe6\xe3h<9\
\xad\xa5\xddw\xbe8q\xee\xfb\xff\xd9\xee^F0o\
u9\x8azi\xc2\xbbL\xa5\xbe\xf4]\xbb\xaaKh\
\x00\x00\x00\x000H\xff\xf2\xd8\x01\x80e\xcb\x87~\x9f\
L4|k\x89\x0dQ\xa4\xcf\xebm\xf0\xa7\x95Z\x9e\
?TM1\x22\xdf!\xd04\xe7\x15\x5c\x9aP\xf9\x90\
\xda\xb8\xc8\x04\x00\x00\x00\x00K&\xe8\x09\x00\xac\xcaq\
n\xb3\x09C\xf5\xb5\x96\xca\x82\x0cC\x0e\xe9\x1f\x05\xff\
e7kj\xdf\xee\xe2\x04|\x13\xfe\x9d\xee\xbb\xf6\xd4\
\xbe\x98\x8a\x9c\xdb\xe3\x02\x00\x00\x00\xc0\xf2\x09z\x02\x00\
+\x91\xdbk\xaaD\xc6P\xdd\xd6\x146c8\xfa\xae\
M!\xfd\xf3\xe0\xbf\xf0o\xa3\xf1d\xa7\x80q,D\
j\xab\xdf4\xcde\x05\xbf\x0a\xbc\xc6\xa7\xbek/*\
\x999\xfbbj\x11\xfdR\x08\x00\x00\x00\x00\x84 \xe8\
\x09\x00\xacL\xae\xf4\xf2\xc5\x8c3@G\xb9\x12\x1fD\
TE\x0b\xf7\x02\xc6\xb0H\x02b\x0c\xd1e\x0e:W\
!\xef\x8b\xa3\x07\xe9\xe1\x8bj\x9e\x00\x00\x00\x00\xb0\x1a\
\x82\x9e\x00\xc0\xaa\x1djU\xc9\xc0\x9c\xe7\xaa\x88\x10R\
%-\xdc\xb7G\xe3IM\x01\xb1\x0b-\xdc\x19\xa0\x1a\
\x03\xce\xaa}\x13\xd9\xadj\x9e\x00\x00\x00\x00\xb0:\x82\
\x9e\x00\xc0Ji\xe1\xce\xc0\xa4\x03\xf0}\x0f\x9d\xe8\xb4\
p/\x8f\x16\xee\x0c\xcc\xaf\x15\xb5l\xff[\xfe\x9d>\
\x172\x1cx\xa9c\x15\xeb\x01\x00\x00\x00`u\x04=\
\x01\x80\x95\xcb\xed\xfdT\x22c\x08\x0er\xb8\x19j\xa0\
\x85{y\xf6+x&\xf0\x94\xaf\x95W\xc6>R\xed\
\x9e\x80.\xf3\x85\x03\x00\x00\x00\x00`E\x04=\x01\x80\
\xb5\xc8\x07\x83\xd1\xab\xc3\xc1c>\xf5]{j\x86\xa8\
EE-\xdc\xabi\x95\x9c\x9f\x89\xaa\xc1\xd4\xec\xb2\xf6\
J\xf0\xaa\xdd\x13\x94\xcf,\x00\x00\x00\x00\xac\x98\xa0'\
\x00\xb0N\xfb*\x18Q\xa9sU\x8e\xa8Q%-\xdc\
\x8fF\xe3\xc9V\x01\xe3X\x88\x5c%\xfb\xd7\x0a~\x15\
\xb8\xebv(\x95\xb1\xf3{\xac\x85;Q\xfc\xdaw\xed\
\x85\xa7\x05\x00\x00\x00\x00\xab%\xe8\x09\x00\xacM>\xb8\
\xd7v\x96\xda\x5c\xaa\xb0G\xe5\xa2\xb7p\xdf\xa8\xad\x85\
{\x0e\xe0~)`(\xb0H\xfbC\x0a\x93\xf5]{\
\x98\xf7\x10P\xb2\xafy\xcd\x01\x00\x00\x00\x00VL\xd0\
\x13\x00X\xab|\x80\xaf\xf5\x1f\xb5\xb8\xcd\xc1\x94\xea\xab\
\x8f1\x5c\x95\xb4p\xdf\xad\xa9\x85{\xf3\xd7sIk\
\xe9\xd7\x02\x86\x02\x8b\xf0!W\xb9\x1c\x9a=\x17\xa0(\
\xd8\xa5\x7fo\x03\x00\x00\x00\x80\xf5\x11\xf4\x04\x00\xd6\xae\
\xef\xda\xd3t\xa0\xefI\x10\x5c\x0af\xec\xe5\x10\x1cT\
M\x0b\xf7b\x1d\xa8\x08H\x05R\xc8\xb3\xaa\xaa\xbb\xcf\
\x95/\x8a\x08{R\xa2\xf4\x99<p\x99\x09\x00\x00\x00\
\x00\xd6G\xd0\x13\x00(B>\xd0\x17\xf6$\xaai\xc8\
s0-f\xa1\x92\x16\xeeU\xb5\x9f\x9d\x09\x89\x09{\
\x12\xd5\xa7\xa1\x86<\xa7\xf2^\xa2\xaa\x8a\xc3T\xc1>\
\x17\x00\x00\x00\x00\xd6L\xd0\x13\x00(\x86\xb0'A\x09\
y2H\x95\xb4p\x7f;\x1aO\xf6\x0b\x18\xc7\xc2\x08\
{\x12\xd8\xe7\xbek\xa3\x7f\xa7,\x84=1\x85\xf9`\
\x9f\x0b\x00\x00\x00\x00\xeb'\xe8\x09\x00\x14\xc5\xc16\xc1\
\x08y2h\x95\xb4p?\x19\x8d'o\x0a\x18\xc7\xc2\
\x08{\x12P\x0a\x92\xa9b9\xc3\x9e\x98B|\x18z\
\x95]\x00\x00\x00\x00(\x85\xa0'\x00P\x1c\x07\xdb\x04\
q-\xe4\x09\xdf\xd4\xd0\xc2\xbd\xba\x10K\x0a{\xf6]\
\xbb\xd34\xcd\x97\x02\x86\x03\x8f\x11${\x80=1k\
\xe6\xdd\x04\x00\x00\x00\x80\x82\x08z\x02\x00E\xca\x87\x8a\
\xef\x82\x87\x87\xa8W\xaa\x92\xb7#\xe4\x09\x7f\xb7p\x8f\
^\x89\xaf\xba\x16\xeeS}\xd7\xa6 \xee\xe72F\x03\
\xff\x90\xf6x\xef\x04\xc9\x1e'\xec\xc9\x1a\xa4w\xf3\x17\
\xef&\x00\x00\x00\x00\x94E\xd0\x13\x00(V\xdf\xb5\xa7\
\xb9\xf5\xec\xb5\xa7DA\xbe\xe4J\x9e7\x1e\x0a\xfc%\
\x87A\xbe\x06\x9f\x8e\xe3\xdaZ\xb8O\xe5\x96\xd8\x82b\
\x94dZ\x15\xfb\xd4SyZ\xfe\x8e\xfd\xd9\x05(V\
\xe06\xbf\x9bg&\x1b\x00\x00\x00\x00\xca\x22\xe8\x09\x00\
\x14-WLL\xadg\xcf=)\x0a\xf0k\xaa\x8e'\
\xe4\x09\xf7\x8a\xde\xc2}\xb3i\x9a\xa3\x02\xc6\xb1\x143\
A1\x97'X\xb7sU\xb1_nfO|\x19m\
\xec\x84\x91>[[\xdeM\x00\x00\x00\x00(\x93\xa0'\
\x00P\xbc\x14\xaa\xeb\xbb6U\xf6\xfc\xe4i\xb1&)\
\x18\xf5s\xdf\xb5\xc7\x1e\x00\xdc/\x07\xa0\x0f\x82O\xcf\
\xc7\xd1x\xb2W\xc08\x96\xc2\xe5\x09\x0a\xf0)\xed\xe9\
\x5c\x98x\x9d\xbek\xafr\xb5\xfb/\x11\xc7O\xd1>\
\xf7]\xbb\xe3\xdd\x04\x00\x00\x00\x80r\x09z\x02\x00a\
\xf4]\x9b*\xad\xfd\xa2m%+\xf6Y\xe51x\x9e\
\xdc\x869z\x0b\xf7\x93Z[\xb87\xff\xbc<\xf1k\
\x01\xc3a8\xd2\x85\x89_\xf2^\x8e9\xe4w8\x85\
\xea?\xd8\x13\xb3\x00\xe93\xf4\xae\xef\xdaC\x93\x09\x00\
\x00\x00\x00e\x13\xf4\x04\x00B\xe9\xbb\xf6,\xb5\x14\xac\
 HD\xf9\xa6\xa1\x94C\xd5\x8d\xe0E\xb4\x0c\xe7\x97\
\x18\x00\x00\x04\xcbIDATp\x0f W(\xfeY\
\x1bhV`za\xe2\xccd/N\xdf\xb5'*\xf4\
2\xa7\xaf\xb9U\xfb\xa9\x89\x04\x00\x00\x00\x80\xf2\x09z\
\x02\x00\xe1\xe4JF\xfb\xa9\xfaL\x0e\xe3\xc1\xa2}\x12\
J\x81\xd7\xd1\xc2=\x8eT\xa98\xb5\xea\xcd\xdfy*\
\x03\xb2h.L,Yj\xe5\x9e+\xf4\xaa\xee\xc9K\
L\xabx\xee{7\x01\x00\x00\x00 \x0eAO\x00 \
\xac\x5c}f\x1aP\x81EH\x95\x8d~J\xade\x1d\
|\xc3\xebU\xd2\xc2\xfd\xb8\x801\xacDn\xa7\xbd\xa3\
Z6\x0br\xeb\xc2\xc4j\xe5\xea\x9e\xa9\xe2\xfd\x97!\
\xfd\xde\xbc\xca'U<\x01\x00\x00\x00 &AO\x00\
 \xb4\x5c\xdd3\x05T~\x12Pa\x0e\xe7\xb9\xeaX\
\xaalte\x22a!\xa2\xb7p\xdf\x1e\x8d'\xd5\xb7\
p\x9f\xca\x95\x01S\xb5\xec_\xb4\x82f\x0e_r\xc0\
\xd3\x85\x89\x15\xcb{\xe2\x83\xbc'\xf6\x0es\xd7\x17\x97\
\x99\x00\x00\x00\x00 \xb6\x1f\xfe\xfc\xf3O\x8f\x10\x00\xa8\
Fn\xb5\x9b\x829\xbb\x9e*\xcf\x90\x82\x10G*\x8e\
\xddo4\x9e\x9c\x05x\x97>\xe5\xb07\x05\x1a\x8d'\
)8\xf8\xef\xe0\xcf\xe6\xe7\xd4\xe2\xbc\x80q\xac\xd4h\
<9\xc8\xeb\xe9\xe6\x80~m^/\xad\xa7\x07.K\
\x94\xc3\x9e\x98\xcc^wF~/\xfeS\xcc\x80\x1e\xd0\
w\xed\x0fE\x0e\x0c\x00\x00\x00\x80\xb5\xfa\xd1\xf4\x03\x00\
5\xc9\x87\x98{\xf9\x10\xef\xb0i\x9a\xb7\x1e0\xf7p\
\xe8\x0d+\x90Z\xc3\x8e\xc6\x93\xaf\xc1\xbf\x8bOr[\
\xf3A\xc9\xad\xa0Or\xe03\xad\xa7\xdbC\x9b\x03\x9e\
%U\x09<\x1eb\x18\xbat\xf6\xc4\x83\xe7\xdd\x04\x00\
\x00\x00\x80\xca\x08z\x02\x00U\xca\x87\xdbg\xa3\xf1d\
+W3JU\xe56<\xedAK-\xa4Os\xc0\
S\xc51X\x9d\x14\x14\xbc\x0a\xfc\x1d\xfc\xad\x85\xfbP\
+\xc7\xce\x04>\x85\xc5\x98\xb2\x9e\x06bO<(\xb7\
\xf9r\xc2\xb1w\x13\x00\x00\x00\x00\xea\xa3u;\x000\
\x08\xa3\xf1\xe4M>\xd8V\x95lx.\xd3\x81w\x0a\
\xa5\xf4]{3\xf4\xc9x\x09\xad\xdbY\x94\x0aZ\xb8\
\xa7\xf0\xcc\x8e\xe0\xcc\xb7g\xb9\x95\xd7\xd2\x03a\xb1\xc1\
\xb1\x9eV\xc0\x9e\xb8J\xe79\xe0\xe9\xdd|\x82\xd6\xed\
\x00\x00\x00\x00D&\xe8\x09\x00\x0c\xceh<\xd9\xc9\x01\
\x95t\xc8\xbd\xe9\x13P\xa5\xeb|\xe0}\x22\x98\xf5z\
\x82\x9e,\xd2h<9\x0d^\x0d\xf2\xbc\xef\xda\xbd\x02\
\xc6Q\x8c\x1c\xe0=P\xe5\xb3j\xb73\xeb\xa9\x16\xd0\
\x95\x99\x09n\xdb\x13\xc7c\xaf\xfb\x0a\x82\x9e\x00\x00\x00\
\x00D&\xe8\x09\x00\x0c\x9a\xd0gU.s+\xd9S\
a\x94\xc5\x10\xf4d\x91r\x15\xb9\xc8-\xdc\x93_\xfb\
\xae=.`\x1cE\x99\xa9\x10\xb8/\xf4Y\x85\xdb\x99\
\xf5\xf4t\xe8\x931\x14\xf6\xc4!\xa4\xbd\xee\x99\xe0\xf5\
\xeb\x09z\x02\x00\x00\x00\x10\x99\xa0'\x00@\x96\x0f\xb8\
\xf7\xf2\x01w\xe9\xe16\xfe\x0a\xa2\x9c\xe50\xca\x99j\
F\x8b'\xe8\xc9\xa2i\xe1^\xbf\x1c\xfa\x9c\xae\xa5{\
\x02ca\x08\x90\xf1\xb7\x5c\xe9s\xfa\x0e\x0bo\xaf\xcf\
t\xaf{\x96\x83\xd7\xd6\x9e9\x09z\x02\x00\x00\x00\x10\
\xd9\x8f\x9e\x1e\x00\xc0_r\xb0!\xfd|\xab\xd6\x96\x0f\
\x02\xa7?\x82\x9f\xeb7{\xd8}&\x88\x02\xf1\xa4\xea\
\x80\xa3\xf1\xe4k\xe0\xe0\xd0Fn\x95\xab\x85\xfb\x03\xfa\
\xae\xbd\x99V\x83l\xfey\x89b\xfa\x13\xb9\xa2kM\
.\xf3\x9eg\x1a \xbb\x19\xfa\x84\xf0?9Px\xfc\
\xc0\x9ex\xc7{\xbc4\xd3\xbd\xeeE\xde\xeb\x9eU\xfa\
{\x02\x00\x00\x00\x00\xaf\xa0\xa2'\x00\xc03\xe5C\xee\
\x9d\x99\x9fms\xb7T\xe7\xf9\xa0\xfb\xdb\x8f`'@\
|\xb9R\xe0\xecz\xea\x22\xc5\xf2\xdd\xce\x84:\xa7\x01\
2\xc1N^-\x07\xb8w\xbc\xc7s\xb3\xd7\x05\x00\x00\
\x00\x00\x9eM\xd0\x13\x00`\x0e9\xfc\xb9\x95\x7f\xa6\x7f\
\xaeM\xed\xcb\xa4C\xee\x9b\x99\x83\xee+\x07\xdd\x00\xc3\
1\x13\x1a\xb3\x96\xceovM=\xcbk\xaav\xcf,\
]~\x8f\xb7f\xc2\x9fo\x04@\xffvw\xaf{\xe1\
\xbd\x04\x00\x00\x00\x00^J\xd0\x13\x00`\x09\xf2a\xf7\
\x9b\x99\xf6\xbe\xd3?\x0e\xb1\xdd\xe5e>\xdc\xbe\xba\xfb\
\xe3\x90\x1b\x80\x87XK\xefu}\xdfzjM\xa5T\
\xa3\xf1\xe4\xcdL\xf0s'\x0f\xb3\xa6wyZ1\xb7\
\xc9\xe1\xea&\xff\xcf79\xd0\xa9z.\x00\x00\x00\x00\
\xb0\x10\x82\x9e\x00\x00k0s\xe8\xdd\xdc9\xf8nf\
\x0e\xc3\x9b\x99\xff})m\xe2\xa7\xa1\xcd\xa9i\xc0d\
jz\xc0}\xa3*'\x00\xcbtg-\x9dV\xd7n\
\xeeYW\x9bB+\x0b^\xdfYCof\x02c\xcd\
LX\xac\xe9\xbb\xf6\xec\xfb\xffs\xa8G\xae\x92?5\
\xfb>O\xed=\xf2\xcb\xbef\xaf|wO{\xd7\xdd\
wnv\xcfk\x9f\x0b\x00\x00\x00\x00\xac\x9c\xa0'\x00\
@`\xa3\xf1\xe4\xbe\x83\xf0y9\xbc\x06`\x10\xee\x84\
E\x97BH\x13\x00\x00\x00\x00\x00\x98K\xd34\xff\x1f\
<\xe0\x1b\x1d\xf4!\xf5W\x00\x00\x00\x00IEND\
\xaeB`\x82\
\x00\x00\x0b\x83\
\x89\
PNG\x0d\x0a\x1a\x0a\x00\x00\x00\x0dIHDR\x00\
\x00\x00@\x00\x00\x00@\x08\x06\x00\x00\x00\xaaiq\xde\
\x00\x00\x00\x04sBIT\x08\x08\x08\x08|\x08d\x88\
\x00\x00\x00\x09pHYs\x00\x00\x01\xd8\x00\x00\x01\xd8\
\x01\xfa\x5c\xa6r\x00\x00\x00\x19tEXtSof\
tware\x00www.inksca\
pe.org\x9b\xee<\x1a\x00\x00\x0b\x00ID\
ATx\x9c\xed\x9akp\x94\xd5\x19\xc7\x7f\xe7\xbc\xef\
&{K6\x09\x09$\x84\x80!@\xc0(b\x05\xef\
b\xe3x)\xde\xef\xca\xa00\xd6ik[\xeb\xb5\xad\
\x8e\x1d5N\xad\x8e\xb6c\xfdP\xeb\x05\xab\x83\x8c\xda\
\x91\x22\xa8\xf52\xa2\x16\xb0J\xf1\x02\x8a\x90\x90\x90\x90\
\x90\x90%\xf7\xcd&\x9b\xbd\xef{\xfaa1!\xd9K\
\xb2!\x01\x1d\xf3\xff\xb2{\xcey\xcey\x9f\xf3\x7f\x9f\
\xe79\xcf9\xe7\x85\x09L`\x02\x13\xf8\x01C\x00T\
8\x95\xd5\xeac\x09\x8aIG[\xa1#\x01%\xe8\xf0\
Yx\xafb\xaa\xf0\x8a\x8aze\xb6F\xd8\x0a\xcc?\
\xda\x8a\x1dI\x08\xc5\xd7}:\xa7Jk\x98\xc5\xfc\xc0\
&\x0f\xa0\x04'X\x14gI\xc0q\xb4\x959Z\x10\
\x11\xb2\xf4\xd8\xda\x10\x9ap\x8e\xc9\x03\x94\xb2b\xa8\xbc\
1\x19k\xbc\x10C\x80\xc4C\x9a\xe9\xfd1\x19<\x12\
)&\x18>7\xa5>\x9a\x00mL\x9e~P\x07 \
\xa2\x12\xb7\xc7Z\xc0Q\x82U\xc2\xc9\x99\x0c\xb2\xc9\x96\
\xd0^\xc2\x84\xfa\xcb\x05\xa6\x12\xb4\x14UV\xc0\x1e/\
Tz\xe3\xb7\x7fg\x08(\xb3\x11\xe3\x90\xd5\x81\xff\xe1\
W}\xfd\xe5\x5c}\x1a\x9aHMe\x01\x94X\xbe\x07\
\x04d\xa4\xa8IW\x10B\x87\x98vN\x1a\x98D|\
Y-A=\xc4!@\x91N\xc4(eFzj\x0a\
\x1d\x0a\x9f\x01m!\xc65\x00~\xd3\x0b\xae\xe0@y\
\xf1\xa4(\x09\xa9\x22\x96\x00e%\x18ZL\xd9a,\
\x8e\xadA\xd8\x9f\xc0\xe4\xbek\x90G[\x81\xa3\x8d\x18\
\x0b\xe8\xfc\xaa\x92>g\x0b\xefYF?h_\x04\x9a\
\x83 \x85d\xcaY\x8b0\xd9m\x09e\x17~\xfc\x1f\
\x00\xa6X\xc0,\xc1u~\xf9\xe8\x1f|\x10\xb9u\xab\
\xb0\xba\xbe\xee/w\x94\xac\x00N\x88+\x1bC\x80\xd7\
\xd9JOM\x03\xb5\x87\x11\x1eC*J\x82\xd05r\
O:>)\x01\xe5o\xad\x1fT\x1e\x0b\x02L\xfe6\
\xd2=\xf5\xfde\x19\xee;\xb8\xed\x8bE\xcc4\x8b.\
,\xa7\xe8\xc2r.\xcf\x1d\xbd\x02\xadA\xd8\xd23\xfa\
\xfeG\x121\x04\xb8\xab\xf7\xe2mne\xd3\x90\x97&\
\xa4`\xc1ie\xf8\xfb\x02T}\xb5'\xe9\xa0\x9e\x08\
\x1c\xf0\x03\xba$o\xd1\x09\xe8\x16\xf3\xa0\xf6\x90\xc7G\
\xd3G\xdbQa\x83W\x5c\x83\xdb:^\xfeo\xff\xff\
\xfa`\x17!5\x10\xea\x83i[\xd1E4\xd4\xd7{\
\xc1\x17\x19\xe8gX\xc1r0\x85\xccl\x0d\x91\xd67\
\xb9\xbf\xad\xb7\xa6\x9e:\x0cr\x17\x94\xe0\x98Y\x90\x9c\
\x00\xd7\xae\x1a\xbaw\xd7\xe1\x19\x92\x8fJ))<&\
\x9f\xee\xce\x1e>\xdb\xb8-)\x01\x11\x05~\x03\xa4\xae\
\x935\xbb8\x86\x00_G\x0fM\x1b\xbe\xc4\x08Ex\
\x95\xe8Ri\x96Q+Uo~10)\x0c\xa2\xb9\
\x5c\x14\xad\xec\xe8\xff\xaf\xd4\xa1-\xd0y\x88\x89\x0b\x95\
\x0ej\xd6\x80\xach\xa3\xcfhG\x9a\xb4\x18\x02\xc4\xe3\
{\xd45\x08^\x1b:\x89#\xed\x02\xe7dC\xe6X\
n\x02\x86`}G\x9cJ\xc5\xb51\x16\xe0il\xc6\
\xebl\xe33{j\x0f\xb0gZ9\xf6G\xa54\xd5\
5S]\xdfF\x9b\x1f\xa4\xae\x913\x7f\x1e2\xcd4\
J\xb5\xc7\x1f1\x04\xb4|\xfc9\xdd\xd5u\xb4$I\
\x1f\xe3\xc1f\xb72\xf7\x84\xd9|\xb2\xe1sv\x7fS\
GX\x81\x94\x1a\x96\x82\xc9\xd8\x0a\xf3\xc7J\xdf\x11!\
\xe8\x0f\xe2\xee\xf4\x90W\x983\xacl\x0c\x01\xb3\x96]\
\x0e\x8c\xde\x05\xae\xbf\xe5\xf2Q\xaf\x02\xadM\x9d\x00L\
):\xbc\xa3\xc9wV\x7f\xcc'\xef|\xc5\x9f\xd7\xdd\
=\xacl\x0c\x01\xbe\x03m\xf8\xda;\xf9&#yG\
M\xd7\x98s\x5c\x09\x9a\xaeQ\xb3\xb3\x8e\xa0\x7f Z\
\xbb\xc3\xd0\xe5\x03\xa1i8JK\x90\xfa\xf0\xcem\x18\
\x8a\xa7\xee{\x15[\x86\x85{\xfe~\xf3\xb0\xf2\xc9\xf0\
\xc5\xc6J\xba;z\xe8\xee\xe8!+73\xa9l\x0c\
\x01M\xefm\xc2\xb5\xab\x86\xe4\x0b]\x94\x80[\xfe\xb0\
\x9c\x9c\xbcl^}\xeau\x02\x87\x10\xf0-\x84\xa6q\
\xec\xad\xcb\xb1\x17M\x1dV\xe9\x1d\x1bwr\xa0\xa1\x1d\
)\x05\xdd\x9d\xbddM\x1a\xe6\x0d$@s}\x1b\xad\
\x8d\xd1\x88\xd7P}\x80\x05\xa9\x120\xe7\xa6k\x80\xd4\
\x5c\xa0\xe2\x99\xdf\x0d*\xa7\xea\x02\xcaP\xbc\xff\xd2f\
\x16\x9c9\x97\xdd\xdb\xea\xd9\xbe\xa9\x8a\xf2+O\x1eQ\
\xdfp(\x82n\x1a\xb0\xb0\xed\x9b\xaa\xc8\x99\xec@j\
\x92\xc6j'\x0b\xce(M\xda?\x86\x80P\xaf\x87\xa0\
\xbb\x97f\xcf@\x9d\x10\x82\xfci\x93\x09\x06Ct\xb6\
v%\x1c,3;\x93\x0c\x87\x0dWK'}]A\
\x84\x94X\x0b&\x83H\x1eQ\x0fl\xd9E{c;\
\xbf\xfa\xe35\xbc\xbdj3_n\xdc5\x22\x02>X\
\xb3\x85\x8f\xfe\xb5\x95\x87_\xb9\x0d\xa9E\xf7u\xdb6\
Wr\xe2\xd9\xf3pw\xf4\xd2P=\xfc\xd9f\x0c\x01\
\xb5\xaf\xbcA\xcf\x9e\x06v\x0e\xa9\xbf\xf1\xf6k\xa8\xab\
l\xe0\xd3\x0d\x9f'\x1clvY17\xdcv5\xab\
\x1fz\x0e#b\x00Pv\xeb\x0a\xec\xc7LK\xd8G\
\x19\x8a\xda5\x9b9~\xf1\xb1L=f2\x0b\xcb\xcb\
x\xe6\xfe\xd7\xe8q\xf5\x91\x99\x1dMG=n/\xef\
\xff\xf3S.\xbd\xe9\xc7\xe8iQ\x95\x95Rl\x5c\xf7\
9\xedN\x17_n\xaad\xd19\xc7\xd1\xeet\xd1\xb4\
\xa7\x85\xebo[B\xdd\xae\xfd|\xb8fK\xea\x04\x94\
\xfe\xf4:B\xbd\x1e\xce\xcb\x1e\xa8\x93\x9a$+'\x93\
\xb9\xf3gq\xc6\xf9\x89\xdfLF\x96\x1d\x93I\xe7g\
\x7f\xb9\x83\xad\xed\x01\x84\xae\x91\x96\x99\xdc\x97[\xb7V\
\xe1ij\xe3\xbc\x07\xaf\x02\xa0\xec\xd4Y\x98\xd2u\xb6\
o\xae\xe2\xec\xcb\x16\xa2\x94\xe2\xc5G\xd7\xb1\xe3\x93\x1a\
,v3K\x96\x9d\x09\xc0\x9e\x1d\x8d\xb46uR4\
;\x9f\x0f\xd7ne\xd19\xc7\xb1}S%\x99\xd96\
f\xcd\x9f\x8e\x111pwzp\xb5\xf7\x90\x9d\x978\
\x0e\xc4\x9e\x07(\xa3\xff\xaf\xc5f&'/\x0b\xb3%\
\x9d\xae\xf6n\xba\xbb\x12;vv\xae\x03\x93I'\x18\
\x08\x12\xf4\x05\x0e\x0e\x15\xff8\xd6\x08\x86\xf1\xb6\xba\xf0\
\xb6\xba\xa8Y\xb3\x89)\xa7\xcc\xa3`\xe6\x14\x00\xd2\xd2\
L\xcc?\xbd\x94m\x9b*\x01\xf8p\xedVvn\xa9\
eay\x19\xef\xae\xde\xcc\xfe\xda\x16\xda\x9d.6\xae\
\xfb\x8c\x19s\xa7\xb2\xec\x8e\x8b\xa8\xdb\xd1\xc8\xbej'\
\xdb6W1\xff\x8c\xb9H))\x9aS\x80\x10\x82\x9d\
[kiw\xbaP\x86\x11W\x97\x18\x0b\xa8ya\x0d\
\xee\xda\x06\xbe\x02r\x0b&q\xf7\xa3\xb7\xf0\xec\xc3\xab\
hinO8y\x80\x8b\x96\x9e\xcb\x99\x17\x9c\xc2K\
O\xae\xa1\xae\xaa\xa1\xbf\xbe\xec\xd7\xcb\xb1\x17\x17\x0d\x92\
\xdd\xb5\xf2m\x1a?\x88\xee'\x84\x94,\xb8\xedJ\x0e\
\xe5ja\xf9\xb1<\xfb\xe0\x1a\xaa\xbe\xd8\xcb\xda\xa77\
p\xd1\x8a\xc5\xfc\xe4\x863y`\xd9\xdfx\xe8\xa6\xa7\
\xfb\xe5\x96\xdfs\x19%\xf3\xa73cN\x01\xeb\x9e\xfb\
\x80\xfa\xca\xfd\x5c\xbc\xe2l\x00l\x19\x16\xf2g\xe4\xf2\
\xd2co\x000g\xe99\xcc\xbe\xf6\xec\x18\xbdc\xf6\
\x02\xe1>/\x01\x97\x9b\xd33!7'\x83\x8c,;\
\xbdn\x0f=\xae\xde\xc4\xb3\x17\x82\xfc\xc2<4]\xc3\
\xd3\xe3\xe5\xc3}n<\x11\x10\xba\x8eeJ^L\x0c\
\x0c\xfb\x02\xf49\xa3I\x8f\xc9f\xc6\x9a\x9f\xc3<+\
\x94Z\xa3\xed\x81@\x88\xbb.~\x1c\xa5\x0c\x8af\xe5\
s\xcfS7#5Iow\x1f]\xadn \xba\x0c\
\x17\xce\x9c\x8c\x10\x82O\xdf\xdd\xce\x8b\x8f\xac\xc7b3\
\xf3\xc4[\xbf\xef_\x15\xbe\x95\x0f)\xc1\x0eG\x1e\xd2\
4\xe4}\xc7\xdb\x0bh\x163f!i0\x81P\xe0\
\xf1\x86\xd1\xadv\xf4t+\xa18k\xfd\xb78\xe0\x09\
\xe13B4\xf8%aG6f@\xe82\xee\x02\xa0\
[\xd2q\x94\x0c\xce\x0dv\xfb\xa2\x07)y&\x90\xd2\
D\xe9\xa9s\xa8\xf9l\x0fW\xdew5\x9d\x86\x04\x03\
\xb0\xd9\xb0\xce\x1c\xd8\xa7w\x84\xa3\xbf\xc5\x8b\x8f\xc7\xf6\
\xd4\x06f/*\xc1\x85F\xffU\x82\xcdFZ\xb1\x8d\
F\x1f\xc8\x10q\x11c\x01\xbbW\xbe\x8a\xbbzo\xbf\
\x80\xd45N|\xe0v\xaa_x\x0dO\xc3\xfe\x84\x04\
\xc4\x1f]P\xf6\x9b\x15\xd8\xa7\x17\xa6\xd6\x0f\xf0u\xb8\
\x09\xf6zq\x14\x17\x0c/\x0c\xb8\xeb\x9c\xa4g\xdb1\
\xe7$O|\x06!\x9e\x05\x14_\xb5\x04\x7f\x87\xab\xbf\
\xac\x99\xd3\xd0\xad\x16f^w\x09A\x97{\xe4\x83\x13\
%\xcf6md\x13\x18\x0aK\xae\x03K\xee\xc8\x8f\xa6\
\x87Z\xd4H\x11C@zN\x16\xe99Y\xb1\x0a\xe5\
\xe5`\xc9\x1b~w\xf5}\xc3\xc4\xb1x\xf8@O\xa1\
\xf0\x85S\xead\x0e\x87\xe2\x1e\xb2J\x01s\x0b-X\
\xd3\xc7\x87Wo\xc0`w\xb3\x8fx\xe9\x85B\xe0\xd7\
S\xbc8\xb5\xe8\x85\xba\xea\xf2M\x0f7\xa6\xe6\xdb\xd9\
\x85\x16\xb48\x17n'\xcd\xcd\xe4\xc4\xd2\x14\x82\xd0(\
0)\x1d\xb6\xed\x8eM\xc8\x0cC\xd1[\xd7\x9d\xd2X\
\xdat\xc7\xf41}U&}\xfc=\xca\xa4\xa7xT\
5\x0c\xc6\xf4vx[u\x0f\xa1\x88\x81%m|N\
7}\x81\x08;j=\xc3\x0b\xa6\x00]H\x91\x9a\xdd\
\x10=\x92\x8e\x87`\xc8\xe0\xcb\xaa\xa3s#\x92H\xa7\
d\x90B\xb8d\x86\x92\xcf\x0b\xb3\x9eR\x14\x0c\x05\x22\
\xc3\x0b\x1da\x04\x03\xf17;\x89 \xcczX\xd3\xc5\
J\x01\xf0\xd8\xbf;\xe6\x85\xfd\xa1\x871\x8c\x11e\x13\
\x9a\x10\xbaY3\xa6h\x09>\xe7q6\xed\xb5\xb4\xec\
\xdbg\x1dZ?c\xf6\x5c\xcf\xa4)\x05\x81dcw\
\xb6\x1cH\xdfW\xbb;\xe6P>\x7f\xc6\x0c\xef\xd4\xa2\
\x99\xbex}\x22\x10\xf1\x1b\xb25b\xa8\x91\xbdH)\
\x9d\x86M\xbf\xef\xfe%y\xd5c\x1bQ\x0e\xe2\x8a\x15\
\x7f}\xc3\xef\xf6\x5c:\xb4>=\xc3\xb6v\xfd\xea\xbb\
\xaeN\xdaw\xf9\x13\xaf\xfb{\xfa\xae\x18Zov\xd8\
\xdf\x5c\xb7\xea\xce\xcb\xc6RO8\xc2\x89P8\xe0_\
RQQ\x91\xe4\x99J\x86\xfc\x81\x0b\x8e\x9cF\xe3\xf4\
\x8d\x90%;s\x9b9\xdb\x1ec\x01\x80\xb5\xd6\xa7\xdf\
\x0b<\x12\xaf\xdf\x0d\xbf}\xe9\xfeH87\xc6u\x00\
\x042\xf9\x85\xe4(1.\x04\xe8\x16\xbd7IT\xfe\
\xd3\xf2{W\x1d\x87\xc1\x93\xd2j\xec\x00\x08yY\xa0\
i\xf2N\xa5\xb8V\xd7\xe3\x7f\xe8#\x04I\x0e$\x0e\
C\xd7\xf1\x18t8(X\x8adi\xc4\x1f\xf5\x06)\
G\xb7\x8c\x8d\x05~\xf0\x9b\xa1\x1f<\x01c\xe6\x02+\
\xd7\xee\x9f&ufG\x94\xd0\x9a\x9c\xf5\x0eO\x9fg\
P\xd0\xca\xc8\xb0\x9b\xad\x16\xeb\x88\xee\xc9\xbd~_\xb0\
\xb7\xa7wP\xbe`\xb7\xd9\x1d\xcf\xado>W\x13*\
\x12\x94\xaa\xe6\x97\x97\x145\x8f\x85\xde\x87\x9d\x07<\xf1\
Z\x93%#\x8d\x95\xc0R\x12X\x94\xa6kL\x9d\x9e\
\x87\x18\xe6\x86\xe8[(\xa5p\xeek'\x12I\x98q\
\x1a\x0a^69\xc2?\xbf\xa9\xbc\xd8?*\xc5\x0f\xe2\
\xb0\x5c@)%2\xd3X\x0d,K6\x96=\xd3:\
\xe2\xc9C\xf4*\xce\xeeH\xfa\x9d\x9e\x14pc\xd8\xad\
\xafVJ\x1d\xd6K<,\x02\xfe\xf1F\xf3\x1d\x0a\xae\
\x1aN\xcej7\x0f'\x12\xdb\xc76\xa2\x0f\x15\xaf~\
~}\xf3\xed)\x0f~\x08F\x1d\x03**\x94T4\
u\xa3\xe4/\x92\xc9\x09!\xf4\xa0/|Z0\xc5S\
'\x00M\x88O#\x06\xc9w^\xc2\x08UT(Y\
Q!R\xdb\x0dM`\x02\x13\x98\xc0\x04\xe0\xff=x\
\xf4#\xdf\xc1g\x0b\x00\x00\x00\x00IEND\xaeB\
`\x82\
\x00\x00\x05\xb3\
\x00\
\x00%\xbex\xda\xed\x9a}h\x95U\x1c\xc7\xcfs\xdf\
v\x9d\xadV\x99\xbdX\xb6\xe6\x86\x03\x17\xdb\xc4\xb2a\
o\x96eXd\x04\x05\xd9\xd6\x0c\xaa\xbf$\xd2\xc9\xee\
\xdd\x94\xbc\x84\x99k\xff\xa4Q\xb0\xc8\x14!\x1a\x84\xd4\
\xfe\x90\x5c\xb5\xa4\x82\xb0\xc1\x5c\xa5\x82\xd9pXRW\
\xb0?\xb4\xd1\x8b\xban\xbfs\xef\xf7\x07?\x0e\xe7y\
\xee\xbd\xbb\xcf\xee\xee\xa0#\x9f\xfd\xees\x9e\xf3\xf2}\
\xces^~\xe7<*\xe5\xd0\xbf\xc6FE\x7f\xabT\
_\xadRs\x95Ru\x04E\xa9\xb5*\x13\x9f\x0e5\
J\x1d}\xd4I\x93C\x08\xc2.%R\xc4\xbf\xb0\xc5\
\x80\xeb\xba\xcd\xd0\x92O\xe0\x87\xbc\x8ah'\xe2D\x07\
\xd1I\xac#>A\x1d/\x13\x1b\x89X\x9elD\xde\
\x14\xcaZ\x87\xb2;P\xd7\x06\xe2JC\x8b\x1f!\x04\
\x1bG\xdd\x15\x93\xa8\x83\xd3^\x8e2\xe2F\xd9\x93i\
\xeb\x00\xdeS\xc0\xf8\xadm\x99`6\xf2lF\xdds\
\x90.j\xa4\xf3\x22\x8a<sP\xc6f\x949\xdbH\
\x17\xf4\xd0\xc5m\x10\xc8\xb3\xed\xfcl\xff\x8a\x02\xda\x9f\
\xdb\x5c\xa1=\xea\x89&\x0c{/\x96\x10\xb7\x10;\x88\
\x09b\x19qk\x8ey\x99&\xe4Y\x862v\xa0\xcc\
%9\xe6\xad\x87f\x85\xeb\xd1i\x98c\x0a\x9d\x9bF\
\xa1\xfd8\xf1\x0b\xf1\x08\xb1\x82x\xb0\xc4Y\x01\xad\xa7\
\xa1]?KW\x81\xe3\xbf\x98\x815n\x12\xef$\xee\
2\xfeK\x11\x9e\xff:\x85\xfe\x8e\x19\xd8\xfe\x1dB\x7f\
\x1f\xf1\x18\xd1F\xb4\x82\x16\xd0j\xe0\x16\xfft\x1e\xf1\
-.\xf1nie\x5c\x1b\xb4\xf6\xcd\x80\xb9&W\xb6\
a-\xa9\xc6<\x5cI|M|\x07\x1f\xe4fb>\
q5q\x8c\x18Dz\xed\x18\xdeD\x5cO\xfc\x8a6\
\xb9\x0ce\xccCy\xe3\xc4\xdb\xf0\x15\xc8\x83T7\x10\
\x0d\xa8w\x0b\xe29}\x92\xf8\x00e/\x80\xef\xf5=\
\xb4T\x22]5\xeeos\xe9\xff\xec\xeb}A\x1c\x16\
k4\xafuG\xe0o\x99\xe3\xe57b\x0f~\x87\x85\
\xfd\x8b\xe8\xc6uD\xf8\x84\xba\xde\x97\x8cr\xb4\xfe\xf7\
\x8c\xb4\x87\xa1\x85\xfdP[\xff\x8f\x89<\x5c\xf7A\xa1\
?$\xf2\x1d%\x0e\x88\xf4\x01\x8b\xfe2a\xb5\xfe\x1e\
#\x9e\xfd\x9e\xf5\xc6\xf3\x9e!v\x0b\x9f\x80\xf5\x1f\x14\
\xe9\xf8\xb9bEh\xff\x08\xf4\xbf>\xc5\xed\xff\xbf\xfe\
\xd2\xd6\x1f\x11\xe5i\xfd\x033D\xff\xb0\xa5\xfd\xf5\x9c\
\xba_\xd4\x11\xf4\xd0_6\x8d\xfa?'~\x84\x8f\xde\
\x8er\x0f!\xfd\xcf\xc4\xdd\xc6\xba\x9e\x14\xfag\x89\xe7\
\xf8S\xcc?\xe1\x22\xea\xef\xc7\xbd\x8b\xb0\xbfC\xff[\
\x98CS\xb8\xbe\xcb\xa3\xfd\xaf%.\x10\xaf\x19sb\
1\xf4\x7fJ\x9c\x22\x16\x11\xd7\x18\xfbC\xad\xefy\xac\
\xb9:\xff\x97\xc49b\x1f\xf10\xe6\xf0\x13\xc4%\xdc\
?\x86\xf5UMc\xffg\x1b\x12\xd7\x11\xf8V'P\
\xce\x04\xec9\xf4?]\xee\x13X\x97\x92\xd8\xf7\xe90\
\xd7\xd0o[\xbf\xfc\xd0?\x22\xf29\xc6\xde9d\xc4\
\xddO<K\xd4\x8a2\xf89\xab\xb1\xdf\xfb\x9bh&\
\xcaQo\xbb\xd1\xfe\xfa}\xee2\xd6j\xbf\xe6\x7f\xb7\
3\x80\x90\xcb\xd9\x03\xd7\xc5m\xab}\xbfo\xb1\x7f}\
\x01\xe3j\x03\xee]A<\x8e{\x1f\x1a\xed?\xec\xb3\
~\xc7\xc0\xd4\x1b\xb4\xa4\x09\x8a\xf1\xdb/\xea\xdd\x0bx\
\x9c\x9c\x82}W\xe8\x1c\xf1Q\xbf\xe3q\x96\xe3u\x06\
\xe4\x18kH\xaf\xa8\xfb\x0c\xceOn\xc7\xbd\xf5\x88\xff\
\x06\xcf;$\xfc7?\xf4\x87\x85?\x1av\x19\x17&\
\xca8+\xd3\xac\xb1\xac!\x5c\xcf\x03\x18+\xc7\xf1|\
\x07\x0a\xd4\xcfy>F\xfa?@J\x94\xad\xb0N\xe9\
\xb8\xf3X\xb7\xce\xe3\xbaS\x94\xe3X\xfa\xa3\xecw\x5c\
\x97\xde\xbf\xfc\x80\xfc\x1f\x15\xa8\x9f\xe3Z\xf0\xae\xb7\x83\
7pD\xcfa%\xb1\x13\xf7\xbaau\xfa;-\xe3\
(d\x99\xd7\xcc=z9\xd6\xc5\x81)\x9a\x7f\x94\xe1\
\x1f\xe5\xd2\xff\x03\xc6X\xc8v\xce0<\xc5\xe3\xd7\xed\
yB\xc6Z\x97o\x08L\xc1\xfcS\x81\xbd\xfc\x8d\xd8\
\xb7\xdb\x98\x8f\xf7\xae\xb2\xe4\x99\x97\xe5\xbbJ\xc0\xc7\xf5\
\x8b\xf3\x0c\x22\xfd%\x97s\x8c\x8bb^\xe7\xf0\x99%\
\x0f\xff~\xd2\xe3\xdc\xccO\xfd\x1c\xa7}\xe9\xe7p\x8e\
\xf4\x8c\x85V\xdco\x12:\xdc\xf2\xb4\xc1?u\xeb\x97\
\xf9\xe8\x8f\x09?\xca\xa6?\xec1W\xb8\x8d\xd7`\x0e\
y\x02\x22\x9dI\xd8E\x7f\xd8r\xfe\xd0\x95\xa3\xffY\
\xcc\x10\xc82\xfft\x89\xef\x00c\xc4}\xd879\xa2\
\xdf\x9e\xc47\x91\xe5\xc4=Ef9\xea>\x09-\xfc\
^gA\xab\xd6\xfc\x13\xbe\xef\x8e\xe1YV\x8b\xe7\xef\
\xcf2V\x8b\x01\xd7\xdd/t\xadF\xdc\x98\xf0\x99\xf4\
\x99\xe5bK\xfb\x8fb\xcf\xa1}\xf6;|\x82\xcbZ\
\x8a\xdf\xcd\xc6\xbdf\xf1\xbb\x1e\x1a\xcc\xf6_\x0c\xcd\xb6\
\xef\x8f\xa5\xde\xffm\xdf\x1f\x1d1Wx\xcd?\x93%\
,\xf6hG\xb0\xffU\xf0\x9d\x0e\x89\xfb[D_q\
\xdb?:Y\xe65\xdb\xfe1\xe2\xe2\x17\xe7\x0ak\xd1\
g\x01ob\xbf\xc5\xcf\xd3#\xe6\x94\xa7\x88\x84\xb1\x7f\
\x1cqi\x7f\x95E\xff`\x09\xf5\x9f\xc1I\xe8\xd7>\
\xebY\xe2E|\xdf\x8b\x15\x08\xff\xbf\x8cM\xe2\xba\x13\
\xf3\xb8\xed:\x8e\xba\xcf\x1a\xfes\xae\xfa{Kh\xfe\
\xecu\xd3?\x81/\x15lS\xe3m\x17\x1a(G\x82\
zd\x15\x8d\x90\x06}=\x8eNi\x191\x0d)\x0a\
\xe3\x99\x0fI\xba\x17\xf3\xb5[\xa8\xd99T\xf7~\x8d\
\xb6\xab`\x87\xb2X\xa4s`\x15lT]\x97\xb6\xaf\
\xa8h\xdan\xff*\x91\xb6\xef\xd4\xdd\xfb\xaa\xb6\x09\x92\
\xafm\xf7\xa2h\xa5\xb6{\xd6V=\x94\xb1\x0bB\x19\
[\xb7J\xdb]\xe5\x89\xfd\xda\xf6$[\x06\xd2\xf1A\
e\xb5=\xc95\xe9\xf2v\xa7R\xff\xd4`\xc0Va\
\x12oTj\xab\xca|\xdd\xe2\xfb[\x13\xaa\xba\x96\xae\
Ok\xbb\x90\xac\x8e_\x98\xf9\xe8\xae\x84\xfd\x0fP\xf2\
\x0c\x1a\
"

qt_resource_name = b"\
\x00\x06\
\x06\xfaec\
\x00i\
\x00c\x00o\x00n\x00o\x00s\
\x00\x09\
\x0b\x9e\x84\x87\
\x00c\
\x00h\x00e\x00c\x00k\x00.\x00p\x00n\x00g\
\x00\x0c\
\x09\xa4!G\
\x00m\
\x00u\x00l\x00t\x00i\x00p\x00l\x00y\x00.\x00p\x00n\x00g\
\x00\x0d\
\x0a\xfb\xfdg\
\x00i\
\x00n\x00f\x00o\x00_\x00i\x00c\x00o\x00n\x00.\x00p\x00n\x00g\
\x00\x10\
\x00\xe0\xe7\x07\
\x00A\
\x00r\x00i\x00s\x00t\x00o\x00n\x00_\x00l\x00o\x00g\x00o\x00.\x00p\x00n\x00g\
\x00\x0e\
\x04\xeb'G\
\x00m\
\x00o\x00n\x00i\x00t\x00o\x00r\x00i\x00n\x00g\x00.\x00p\x00n\x00g\
\x00\x0c\
\x0ex\x83\x9f\
\x00a\
\x00p\x00p\x00_\x00i\x00m\x00a\x00g\x00.\x00i\x00c\x00o\
"

qt_resource_struct = b"\
\x00\x00\x00\x00\x00\x02\x00\x00\x00\x01\x00\x00\x00\x01\
\x00\x00\x00\x00\x00\x00\x00\x00\
\x00\x00\x00\x00\x00\x02\x00\x00\x00\x06\x00\x00\x00\x02\
\x00\x00\x00\x00\x00\x00\x00\x00\
\x00\x00\x00h\x00\x00\x00\x00\x00\x01\x00\x00\x10J\
\x00\x00\x01\x9c\xb3\xf9\xd3?\
\x00\x00\x00\x8e\x00\x00\x00\x00\x00\x01\x00\x00\xb5\xa3\
\x00\x00\x01\x9c\xae\xaa\xfe\xfd\
\x00\x00\x00*\x00\x00\x00\x00\x00\x01\x00\x00\x06\x17\
\x00\x00\x01\x9c\xb4q\x90\xc8\
\x00\x00\x00H\x00\x00\x00\x00\x00\x01\x00\x00\x092\
\x00\x00\x01\x9c\xae\xa8\xfe$\
\x00\x00\x00\x12\x00\x00\x00\x00\x00\x01\x00\x00\x00\x00\
\x00\x00\x01\x9c\xb4qg\xc9\
\x00\x00\x00\xb0\x00\x01\x00\x00\x00\x01\x00\x00\xc1*\
\x00\x00\x01\x9c\xae\xb9\x1a\x81\
"

def qInitResources():
    QtCore.qRegisterResourceData(0x03, qt_resource_struct, qt_resource_name, qt_resource_data)

def qCleanupResources():
    QtCore.qUnregisterResourceData(0x03, qt_resource_struct, qt_resource_name, qt_resource_data)

qInitResources()
